,spotify_id,album,artist,tracks,artist_gender,artist_age,release_date,artist_country,popularity,rating
231,06wtf2TCkmyTgS1yZGiSr5,sinner get ready ,lingua ignota,9,Female,35,06/08/2021,US,36,10
285,5Dqqrr1dhaZ3BcFthVUCj2,the turning wheel ,spellling,12,Female,30,25/06/2021,,38,10
793,2lIZef4lzdvZkiiCzvPKj7,brat ,charli xcx,15,Female,31,07/06/2024,,88,10
39,0b1q9se93BEqBl3kiltn33,visions of bodies being burned ,clipping.,16,Group,,23/10/2020,,44,9
44,1CTm3ARqDETSm7GfvNYNJp,what's your pleasure? ,jessie ware,12,Female,35,26/06/2020,GB,54,9
50,7nfwkopbo47FZIOGNcfPxI,song for our daughter ,laura marling,10,Female,30,10/04/2020,GB,45,9
68,0LxeUCxtPfUtnHTKbW52MB,windswept adan ,ichiko aoba,14,Female,50,02/12/2020,JP,58,9
85,7J3XAN9vV4smAoiz1TQwHB,miles ,blu & exile,20,Group,,17/07/2020,US,32,9
130,5oZ5YCtaBH4L4Q2rrQpdvg,peaceful as hell ,black dresses,15,Group,,13/04/2020,GB,35,9
202,36nDwdvBHoJMIZn0wzYWrD,last year was weird vol.,tkay maidza,8,Female,24,07/08/2020,,45,9
230,4inXqcdjG79gV4m2mU8dQh,lp! ,jpegmafia,18,Male,32,22/10/2021,US,54,9
234,7L7oMPboBCeyGLJVsHSWM2,by the time i get to phoenix ,injury reserve,11,Group,,15/09/2021,US,41,9
246,3ShtO5VCYa3ctlR5uzLWBa,promises ,"floating points, pharoah sanders & the lso",9,Male,80,26/03/2021,US,39,9
261,2dIGnmEIy1WZIcZCFSj6i8,plastic beach ,gorillaz,16,Group,,03/03/2010,,76,9
273,6X4ALVBUeQnMHR5tsK8ymx,henki ,richard dawson & circle,7,Male,208,26/11/2021,DE,18,9
333,654KFpNOZ26Hj9luu7aKeM,daddy's home ,st. vincent,14,Female,38,14/05/2021,US,45,9
415,68z6MWYYNmvTcru1QMcYId,hellfire ,black midi,10,Group,,15/07/2022,GB,45,9
423,4rJDCELWL0fjdmN9Gn4f4g,the forever story ,j.i.d,16,Male,32,31/10/2022,US,76,9
428,21xp7NdU1ajmO1CX0w2Egd,ants from up there ,"black country, new road",10,Group,,04/02/2022,,56,9
434,7Ln81p86r5cCsesd3KBWIY,dragon new warm mountain i believe in you ,big thief,20,Group,,11/02/2022,,62,9
439,2IC2TP7bnwkfl56vjabLQt,cave world ,viagra boys,12,Group,,08/07/2022,US,54,9
455,2yFxLI1tMhzY04Oz67WoPr,hostile architecture ,ashenspire,8,Group,,15/07/2022,,24,9
488,4BJoDX0fIjR4RsFF4vyd81,de todas las flores ,natalia lafourcade,12,Female,38,28/10/2022,MX,60,9
503,2ZYhM0LXHZ38te98EizcQW,diaspora problems ,soul glo,12,Group,,25/03/2022,US,39,9
522,0Y1tsEnH5gN8TEJRQ9xOLi,marchita ,silvana estrada,11,Female,24,21/01/2022,MX,38,9
526,4w1BBgCcUVv54r3zJenKpG,god don't make mistakes ,conway the machine,12,Group,,25/02/2022,US,43,9
565,4h2iTWNASAecNc26mPncPx,baby ,petrol girls,11,Group,,24/06/2022,AT,25,9
619,3u20OXh03DjCUzbf8XcGTq,scaring the hoes ,jpegmafia x danny brown,14,Male,33,24/03/2023,US,61,9
624,7Gw4NIOgnylpbryrOJksn9,hellmode ,jeff rosenstock,11,Male,41,31/08/2023,US,45,9
627,74vN8W3NHvyM69AnrL5Arp,we buy diabetic test strips ,armand hammer,16,Group,,27/02/2024,,42,9
634,5GuWww4OaildzkmTTlfMN3,lahai ,sampha,14,Male,,20/10/2023,GB,56,9
641,2KqSL3vLfyVO7rrZJL9tUs,javelin ,sufjan stevens,10,Male,48,06/10/2023,US,54,9
649,28gL6vjKVFaO7UG0ImRzkY,93696,liturgy,15,Group,,24/03/2023,US,29,9
660,3RDAqHBWBHXRwVSJF9T8VW,beloved! paradise! jazz​!​? ,mckinley dixon,10,Male,,02/06/2023,,41,9
664,5HOHne1wzItQlIYmLXLYfZ,did you know that there's a tunnel under ocean blvd ,lana del rey,16,Female,37,24/03/2023,US,80,9
672,3dKdkVeR6hPjAOH5K2nYTh,fountain baby ,amaarae,14,Female,28,09/06/2023,GH,68,9
765,1jXTqjpWJXAd2PtGcnp8pe,oh me oh my ,lonnie holley,11,Male,73,10/03/2023,US,24,9
811,1W04wu2W4OIcuiNc5AMB3y,only god was above us ,vampire weekend,10,Group,,05/04/2024,US,65,9
814,2sLBMdUF5HYNB0voqWs4K3,you won't go before you're supposed to ,knocked loose,10,Group,,10/05/2024,US,67,9
819,2uoD60Oip7rq3vjXxZ2VaD,scrapyard mi,quadeca,15,Male,23,16/02/2024,,54,9
825,0YC5MWwUmsTpJrRumtBdZA,lives outgrown ,beth gibbons,10,Female,59,17/05/2024,GB,55,9
849,4uJMF1xAEk9IgPA5UbwNA6,she reaches out to she reaches out to she ,chelsea wolfe,10,Female,40,09/02/2024,US,48,9
860,3ZEIxul2SC2AslVuGZGO68,a dream is all we know ,the lemon twigs,12,Group,,03/05/2024,,52,9
867,5OYU3rkkWy5OZ0NxxKBTnV,maze envy ,civerous,7,Group,,22/03/2024,US,27,9
8,4uTce2w80loIu3oLnW0irN,i disagree ,poppy,10,Female,25,10/01/2020,US,55,8
9,6Pp6qGEywDdofgFC1oFbSH,punisher ,phoebe bridgers,11,Female,25,18/06/2020,US,71,8
14,5sY6UIQ32GqwMLAfSNEaXb,circles ,mac miller,12,Group,,17/01/2020,GB,73,8
15,3y4AaloFccKNLQcZNS9L8c,heavy is the head ,stormzy,16,Male,26,13/12/2019,GB,68,8
20,2xkZV2Hl1Omi8rk2D7t5lN,the new abnormal ,the strokes,9,Group,,10/04/2020,GB,75,8
21,5LsyqeWryTmxsmda4xkm5a,unlocked ,denzel curry x kenny beats,8,Male,24,07/02/2020,US,52,8
26,54tTC9UQtLnu5Wldhlnstr,shabrang ,sevdaliza,15,Female,33,28/08/2020,NL,46,8
28,2Qt8Z1LB3Fsrf6nhBNsvUJ,songs ,adrianne lenker,11,Female,29,23/10/2020,US,75,8
32,5I9K0u8r52jp4Y2bF8mOaz,"song machine, season one: strange timez ",gorillaz,17,Group,,23/10/2020,,60,8
33,3NKw4BVTKHxvvC9ACwnLTS,purple moonlight pages ,r.a.p. ferreira,18,Male,28,06/03/2020,US,37,8
35,3stadz88XVpHcXnVYMHc4J,sawayama ,rina sawayama,13,Female,29,17/04/2020,,57,8
54,3NKw4BVTKHxvvC9ACwnLTS,purple moonlight pages ,r.a.p. ferreira,18,Male,28,06/03/2020,US,37,8
57,0sOeI7pbAmIc8aDFyvkBUW,starting over ,chris stapleton,14,Male,42,13/11/2020,US,79,8
61,3znl1qe13kyjQv7KcR685N,alfredo album review w/d,freddie gibbs & the alchemist,10,Male,37,29/05/2020,US,62,8
65,396EJBtUzseofX2YCBJVvM,women in music pt. iii ,haim,18,Group,,19/02/2021,US,56,8
67,0e1WaSNDZnoPixaxDNdWo4,post human: survival horr,bring me the horizon,9,Group,,30/10/2020,GB,72,8
75,10e9Nf6QFZMTEy5TQm8G85,mystic familiar ,dan deacon,17,Male,38,31/01/2020,US,34,8
83,1CqNrKEv2fhF7mudTXrydV,self-titled ,lianne la havas,11,Female,30,17/07/2020,GB,54,8
86,0psj5qVSfxXQ3vlbcYfAOs,alphaville ,imperial triumphant,9,Group,,31/07/2020,US,12,8
88,70kThssMOMBi4GyBPCk0Gu,underneath ,code orange,14,Group,,13/03/2020,US,37,8
101,5Q84MVz6dS62QsAzBiFTwY,origin of the alimonies ,liturgy,7,Group,,20/11/2020,US,11,8
107,1zbBrDVDfEYBzSwB3h6lyE,future teenage cave artists ,deerhoof,11,Group,,29/05/2020,US,19,8
112,2soUHLxuGGYQCsGrt82HuB,man alive! ,king krule,14,Male,72,21/02/2020,US,44,8
113,1Sk0I9lYp8eUyzc7vI3r4E,lesions of a different kind ,undeath,10,Group,,23/10/2020,,23,8
117,75WZfo6dOHyi8uDj7kcPBY,no ,boris,1,Group,,05/07/2024,JP,0,8
120,0ZUtBUG7Ya4y0p8qSYlPFj,manger on mcnichols ,boldy james & sterling toles,11,Male,,22/07/2020,US,35,8
122,6H6MZ54B5FLBLXXxWGEl7y,miss colombia ,lido pimienta,11,Female,33,17/04/2020,CA,40,8
124,1ReoUTt497nUg3u1ERgYwS,ungodly hour ,chloe x halle,13,Group,,03/06/2020,US,55,8
127,6s91YTFJHq3LWDRMC4QOvp,cumbia siglo xxi ,meridian brothers,10,Group,,21/08/2020,US,19,8
138,20O6GKv8VfyvL4Gy0TAJs7,ultra mono ,idles,12,Group,,25/09/2020,GB,50,8
142,4pBU8P2uXB3cfylCS74pj6,little dominiques nosebleed ,the koreatown oddity,16,Male,36,19/06/2020,,35,8
144,2geX9gTPy6DlWUooKOeTbd,the common task ,horse lords,5,Group,,13/03/2020,US,18,8
147,3a9qH2VEsSiOZvMrjaS0Nu,how i'm feeling now ,charli xcx,11,Female,27,15/05/2020,,62,8
151,1sqq44RYu2C24fHNhkGQ00,2017–2019 ,against all logic,8,Male,30,07/02/2020,US,30,8
161,51q9abNTV0FdngEyPSEJgw,cenizas ,nicolas jaar,13,Male,30,27/03/2020,US,29,8
168,1umhzF2JUySSgj8XJNjLiG,no dream ,jeff rosenstock,13,Male,37,20/05/2020,US,37,8
175,5x5HzoJjt7qNw07woILxZt,home body ,dope body,13,Group,,01/05/2020,US,11,8
178,2UTSKZAFZLDaQrHTKXLXAd,the consuming flame: open exercises in group form ,matmos,44,Group,,21/08/2020,,14,8
186,30hEhSuHVZ9dsUYDX7qabr,innocent country 2 ,quelle chris & chris keys,16,Male,35,24/04/2020,US,34,8
187,5qWrp5RcqjxB8ak7dtK6Iv,set my heart on fire immediately ,perfume genius,13,Male,38,15/05/2020,US,42,8
189,1xZrWM9epQE74acOiyh8dN,true opera ,moor jewelry,10,Group,,20/04/2020,US,19,8
190,2p8RMs5j4ApdLg6K4bvhCb,west of eden ,hmltd,15,Group,,07/02/2020,GB,26,8
193,6yDcHjoEqNkkl9UC6KSlFE,un canto por méxico vol. 1 ,natalia lafourcade,14,Female,36,08/05/2020,MX,43,8
196,0EahzRBIAk6QFqLGkjG6FW,god has nothing to do with this leave him out of it ,backxwash,1,Female,26,29/06/2018,CA,15,8
198,6DGCEJKSnaK626YgoElkjk,from king to a god ,conway the machine,14,Group,,11/09/2020,US,45,8
218,45ba6QAtNrdv6Ke4MFOKk9,call me if you get lost ,"tyler, the creator",16,Male,30,25/06/2021,US,75,8
225,2NrYPcMmQBlbBxopc2XlzS,glow on ,turnstile,15,Group,,27/08/2021,US,64,8
226,4Hjqdhj5rh816i1dfcUEaM,nurture ,porter robinson,14,Male,28,23/04/2021,US,58,8
236,0dL9rGQxUeIqpiUndXaQLl,ok human ,weezer,12,Group,,29/01/2021,US,45,8
240,0RPanQrJXRyTJoiq2trm7k,haram ,armand hammer & the alchemist,14,Group,,26/03/2021,GB,46,8
256,17FteLw9nXHusWd9vsVa2p,madison ,sloppy jane,11,Group,,05/11/2021,,28,8
266,6S6jg2LuEwGdo9iYMSwCBS,hey what ,low,10,Group,,10/09/2021,US,33,8
267,6jAnGTDd5gsad8auZsoCmS,gumbo'! ,pink siifu,18,Group,,03/08/2021,,31,8
275,53JAHNWzoUZ3T0tWus9Bt4,imperative imperceptible impulse ,ad nauseam,1,Group,,01/05/2020,GB,18,8
277,6CM5qhYBvpgYNek5kYwuOJ,king's disease ii ,nas,15,Male,47,06/08/2021,US,52,8
279,5MH2ICGjLf6Lm9G72Rfx2f,let me do one more ,illuminati hotties,12,Group,,01/10/2021,US,35,8
289,4QcHeJduU3DIvnSSkGNqHf,...and again into the light ,panopticon,8,Group,,15/05/2021,US,21,8
290,2UorQ6UuGys6Ivsg1exRSu,welfare jazz ,viagra boys,13,Group,,08/01/2021,US,47,8
297,5CeSn89NE60Az4dCtkqfWi,palais d'argile ,feu! chatterton,14,Group,,12/03/2021,FR,47,8
300,2DcQ1vMW7dEGDAMnhnpaUd,fatigue ,l'rain,14,Female,,25/06/2021,,23,8
303,1ERrUvG31thFCxdwWUoJrY,mercurial world ,magdalena bay,14,Group,,08/10/2021,US,51,8
304,2ENZX0TZOt42tmCMgUyoNJ,carnage ,nick cave & warren ellis,8,Male,63,25/02/2021,AU,38,8
305,3NKeWAMARIW8qdc7wDjZ0m,half god ,wiki,16,Male,27,01/10/2021,US,39,8
307,5kBxkUFvOgxNHDu0kHEeuS,rainbow bridge 3 mi,sematary,16,Male,20,29/04/2021,US,48,8
308,4nOym5RKE8Opauf3rMxPAW,sometimes i might be introvert ,little simz,19,Female,27,03/09/2021,GB,61,8
314,7AsC27VDa3yOksZrfBSD6D,cavalcade ,black midi,8,Group,,26/05/2021,GB,38,8
321,1HBuWe94Z8qMTj2IvgfO4B,faith in persona ,death's dynamic shroud.wmv,9,Group,,16/12/2021,US,31,8
324,1aF9Xjtg1d1wwsE4hRAkQV,stand for myself ,yola,12,Female,37,30/07/2021,GB,43,8
325,2xU8y7tprnryyZndlYNNns,brass ,moor mother & billy woods,15,Female,,24/12/2020,,29,8
332,6jAnGTDd5gsad8auZsoCmS,gumbo'! ,pink siifu,18,Group,,03/08/2021,,31,8
334,3WVpMRRKz9BVU4koPEFpnF,"actually, you can ",deerhoof,9,Group,,22/10/2021,US,20,8
339,2PfgptDcfJTFtoZIS3AukX,for the first time ,"black country, new road",6,Group,,05/02/2021,,46,8
341,1HBuWe94Z8qMTj2IvgfO4B,faith in persona ,death's dynamic shroud.wmv,9,Group,,16/12/2021,US,31,8
347,09kEcsP2Lcx8g5f1CUeYsL,forever in your heart ,black dresses,15,Group,,14/02/2021,GB,32,8
349,7qE3WaOVAAIxgH8WtjbBBj,tyron ,slowthai,14,Male,26,12/02/2021,GB,52,8
352,5kBxkUFvOgxNHDu0kHEeuS,rainbow bridge 3 mi,sematary,16,Male,20,29/04/2021,US,48,8
355,6sPcgDto5EI6EBPc2jhDC7,"roadrunner: new light, new machine ",brockhampton,13,Group,,09/04/2021,US,49,8
358,2PfgptDcfJTFtoZIS3AukX,for the first time ,"black country, new road",6,Group,,05/02/2021,,46,8
362,2kAthpNBEUQ51LaOK9Npor,twin shadow ,twin shadow,1,Male,43,04/11/2014,,38,8
367,7bgH0nBBbJ3o89uNoD4uCK,the color blu(e) ,blu,11,Male,38,24/09/2021,US,18,8
369,7AS9VaIdnYSR13T3vkVtu9,a beginner's mind ,sufjan stevens & angelo de augustine,14,Male,46,24/09/2021,US,47,8
378,1zNtJFMCNIyT0X19jpcI3j,friends that break your heart ,james blake,12,Male,88,08/10/2021,US,54,8
380,0uYJ96iAQymbCTCjNjgJPN,smiling with no teeth ,genesis owusu,15,Group,,15/03/2021,GB,42,8
381,5g9YhHW8tE7Tcslgxsk5u9,heaux tal,jazmine sullivan,14,Female,33,08/01/2021,US,53,8
383,1zNtJFMCNIyT0X19jpcI3j,friends that break your heart ,james blake,12,Male,88,08/10/2021,US,54,8
393,2nLOHgzXzwFEpl62zAgCEC,dawn fm ,the weeknd,16,Male,31,06/01/2022,CA,79,8
395,79ONNoS4M9tfIA1mYLBYVX,mr. morale & the big steppers ,kendrick lamar,19,Male,34,13/05/2022,US,82,8
397,07w0rG5TETcyihsEIZR3qG,sos ,sza,23,Female,33,09/12/2022,US,90,8
403,6FJxoadUE4JNVwWHghBwnb,renaissance ,beyoncé,16,Female,40,29/07/2022,US,78,8
413,0UennjqMxb1SAsaf7bsSwE,drill music in zion ,lupe fiasco,10,Male,40,24/06/2022,US,44,8
422,3j75sKW2Lw9gUEhjNzPKn4,crest ,bladee & ecco2k,9,Male,27,18/03/2022,SE,55,8
424,3vQuGKQJMfdXmkjRKqUesk,king's disease iii ,nas,17,Male,49,28/04/2023,US,50,8
425,6XfFWtshKIYvwjI6qAqR8m,hiss ,wormrot,21,Group,,08/07/2022,SG,36,8
430,6dtDTbVBQ9QwsNaqEnjsOT,luv 4 rent ,smino,15,Male,31,28/10/2022,,61,8
438,6o38CdD7CUlZDCFhjZYLDH,it's almost dry ,pusha t,12,Male,44,22/04/2022,US,60,8
442,7KtyUeiJidoZO0ybxBXw0Q,melt my eyez see your future ,denzel curry,14,Male,27,25/03/2022,US,64,8
443,5nER4eLsGNJadmUGamAsCF,free lsd ,off!,20,Group,,30/09/2022,US,26,8
444,3TXzJXJDbXRMW2RtX5eDRs,self-titled ,artificial brain,10,Group,,03/06/2022,US,24,8
445,3SKVtzmihlnGFylW5nC5kj,louie ,kenny beats,17,Male,84,31/08/2022,US,52,8
447,4QwVU6l2cdR646QdT6z66i,the ruby cord ,richard dawson,7,Male,209,18/11/2022,DE,19,8
458,0rNeQyZdV5rD6U4xjXj21T,morbidity triumphant ,autopsy,11,Group,,30/09/2022,US,17,8
473,4YFlC5Abaj48ERwaOPfpu8,i love you jennifer b ,jockstrap,10,Group,,09/09/2022,,43,8
474,38hr6lK2Up3QabqUEUEhKx,god's country ,chat pile,9,Group,,29/07/2022,,40,8
475,50LrwtMDoMBcWffhaoJrs8,the loser ,gospel,8,,34,13/05/2022,NO,16,8
482,4TPi1tGDVXCdQOjn4NSRaB,cheat codes ,black thought & danger mouse,12,Male,45,12/08/2022,US,55,8
489,4zNkvcK0njCsx1jM4oYG7r,bothered / unbothered ,jer,10,Male,29,27/05/2022,HK,24,8
491,233GvGeKMsNHQgGvclrhC6,too much to ask ,cheekface,11,Group,,02/08/2022,US,37,8
492,1QSo9HgowUqAc5BI3AdkqN,natural brown prom queen ,sudan archives,18,Female,,09/09/2022,,44,8
495,3PZx4Vntcp5T7UgdfjnFDa,$oul $old $eparately ,freddie gibbs,15,Male,40,30/09/2022,US,49,8
496,1eb8tDRzXuhb3omC50SkHt,you belong there ,daniel rossen,10,Male,39,08/04/2022,US,30,8
498,7sKThLp2JeJqysSXC5ckhI,everything was beautiful ,spiritualized,7,Group,,22/04/2022,GB,21,8
505,23oUTiqIPyiA42tXNsIzis,super champon ,otoboke beaver,18,Group,,06/05/2022,JP,38,8
507,2GlHvIfPIhJCgpqimu1mTP,white trash revelry ,adeem the artist,11,,,02/12/2022,,27,8
511,4ivk3u8J7qg7YoWUZlnGNz,topical dancer ,charlotte adigéry & bolis pupul,13,Male,37,04/03/2022,BE,44,8
513,5jgtC8cBzDplxWsrZn0rUs,fawn ,foxtails,12,Group,,14/01/2022,US,30,8
515,1EpD8xR3mlKjKTMZD73EAw,crystalline exhaustion ,krallice,6,Group,,28/01/2022,,7,8
517,34uTUAM6SE8Eo6Cv4PRqwD,aethiopes ,billy woods,13,Male,72,08/04/2022,US,39,8
530,3AY8SSLXUP3W5EJfoLmrdg,meridian brothers & el grupo renacimiento ,meridian brothers,9,Group,,05/08/2022,US,24,8
539,5LXmSrGzPSEmTEu3OIsotT,american gurl ,kilo kish,14,Female,31,25/03/2022,US,37,8
540,4FZ2ilW8I4HxVz0gWEYzX2,tana talk 4 ,benny the butcher,12,Male,37,11/03/2022,,52,8
545,79NySyjxJ8xric31mXKMAo,once twice melody ,beach house,18,Group,,18/02/2022,US,51,8
553,5iJkNwkPx7WeRGJnzOW6x3,forget your own face ,black dresses,8,Group,,14/02/2022,GB,28,8
559,1XPsJnIVMjOt04rczMWVO4,hyper-dimensional expansion beam ,the comet is coming,11,Group,,23/09/2022,GB,31,8
564,0sdLAra6HEkMJuxB7ZkXSi,shape up ,leikeli47,14,Female,,13/05/2022,,38,8
569,4FLvXR2NkxZDNCLgVJQ1Q8,darklife ,death's dynamic shroud,15,Group,,27/09/2022,US,28,8
574,3hcIiisDhA18vwTG7ZDvqL,his happiness shall come first even though we are suffering ,backxwash,10,Female,31,14/11/2022,CA,21,8
576,3G77BQuJy3jahjdkKQNNNM,caprisongs mi,fka twigs,17,Female,34,14/01/2022,,57,8
589,7dE9Pf7HRgMOCeVSWnA9ZC,age/sex/location ,ari lennox,12,Female,31,09/09/2022,US,51,8
595,3GteSAGBQKHhmSN5OU819j,this is why ,paramore,12,Group,,06/10/2023,US,51,8
601,71DPihEMEmNsXe05FVHJN7,we're still here ,the hirs collective,17,Group,,24/03/2023,US,30,8
604,2XS5McKf3zdJWpcZ4OkZPZ,"10,000 gecs ",100 gecs,10,Group,,17/03/2023,US,59,8
605,6exrhkZKAwCGoihIZDJnpv,wallsocket ,underscores,12,Female,23,22/09/2023,,50,8
610,6UZpK4jB5MYVYJpwwi2mbP,me chama de gato que eu sou sua ,ana frango elétrico,10,Female,25,20/10/2023,BR,39,8
612,53X6xpjjMDMfZ5IWMyonvC,petrodragonic apocalypse ,king gizzard & the lizard wizard,7,Group,,16/06/2023,AU,54,8
613,3VoX4iyvy7et6Qt47e2XwS,maps ,billy woods & kenny segal,17,Male,84,05/05/2023,US,47,8
618,4wp4aWWpoYfNcspimVAnel,but here we are ,foo fighters,10,Group,,02/06/2023,US,61,8
622,5wtE5aLX5r7jOosmPhJhhk,swimming ,mac miller,13,Group,,03/08/2018,GB,78,8
628,6PbnGueEO6LGodPfvNldYf,self-titled ,zach bryan,16,Male,63,25/08/2023,CA,87,8
629,49vCWZ0yKkRvfetjsYVLnx,glockoma 2 ,key glock,23,Male,25,23/06/2023,US,71,8
631,31UtR7w5vJtg8AmBvWAwL5,space heavy ,king krule,15,Male,75,09/06/2023,US,51,8
632,31UtR7w5vJtg8AmBvWAwL5,space heavy ,king krule,15,Male,75,09/06/2023,US,51,8
633,22PkV1Le9P3X4RY4xtmK0q,"desire, i want to turn into you ",caroline polachek,12,Female,37,14/02/2023,US,60,8
639,0oc3ietmTjMghpRPvszTw9,burning desire ,mike,24,Male,70,13/10/2023,GB,50,8
640,56hrhzHAOsm5C7kSXzF4kh,april mixtape 3 ,snow strippers,16,Group,,05/05/2023,US,51,8
643,4lVMhVIgEdxIoTu7gS7CoT,girl with fish ,feeble little horse,11,Group,,09/06/2023,,50,8
646,0Ytzeqoskd5VfSVfGGA1SM,bb/ang3l ,tinashe,7,Female,30,08/09/2023,US,57,8
647,0vlJYAD6IpbwmZE9vbhErT,after the magic ,parannoul,10,,,28/01/2023,,35,8
651,5X0MAnUVN7eEZyO1LjprIk,everything harmony ,the lemon twigs,13,Group,,05/05/2023,,45,8
657,1DWLFwBZxTSBWw7G9uhpok,dogsbody ,model/actriz,10,Group,,24/02/2023,,39,8
658,2J92im3sUEJM3pvDqDeS7f,zango ,witch,10,Group,,02/06/2023,ZM,31,8
662,2Cn1d2KgbkAqbZCJ1RzdkA,the land is inhospitable and so are we ,mitski,11,Female,32,15/09/2023,US,82,8
663,7iG4oMJ0GNF0HDlfEi1TvQ,the gray in between ,jeromes dream,10,Group,,05/05/2023,US,26,8
666,33j7lFZ3OdXerDKwdVHLJf,hive mind narcosis ,thantifaxath,7,Group,,02/06/2023,CA,16,8
668,27vpwk5EXUilPRY06umtHv,the enduring spirit ,tomb mold,7,Group,,15/09/2023,CA,30,8
669,1IdsqGbN3oB6kAM1Iq0QnC,saved! ,reverend kristin michael hayter,11,Female,37,20/10/2023,US,33,8
675,4DYjQAfIJMtvw43uw1L64c,the lamb as effigy ,sprain,8,Group,,01/09/2023,US,30,8
680,0xJEL0q2jaHqIOamFxE7yq,"i was mature for my age, but i was still a child ",grouptherapy.,16,Group,,27/06/2023,,43,8
687,3l3xPtGZXUcnQaNlpbjvR0,i've got me ,joanna sternberg,12,,,30/06/2023,,34,8
688,6El4L0QbF7grZlJmpv7KPI,o monolith ,squid,8,Group,,09/06/2023,,35,8
693,1mzWBk8fzEEMumcy5IuVcf,struggler ,genesis owusu,11,Group,,18/08/2023,GB,44,8
694,17g3sAeWfpHSJlqMHuRAr6,that! feels good! ,jessie ware,10,Female,38,28/04/2023,GB,55,8
695,65buOcLOPAzBGLeW46tIDO,ways of knowing ,navy blue,13,Male,26,23/03/2023,US,39,8
699,2pOEFqvfxp5uUQ8vQEmVA0,heaven knows ,pinkpantheress,13,Female,22,10/11/2023,,70,8
704,2zgNt2Z61ZncG9IPbEiWQL,super sn​õ​õ​per ,snooper,14,Group,,14/07/2023,US,38,8
715,1dCATYrVa8hV0sbVGBGacz,my back was a bridge for you to cross ,anohni and the johnsons,10,Group,,06/07/2023,GB,32,8
716,1P3veSTOBbA57c6nndi5xI,autopoiética ,mon laferte,14,Female,40,10/11/2023,MX,57,8
733,2kvz9frUn3LUK83imD2BQS,ooh rap i ya ,george clanton,9,Male,338,28/07/2023,GB,45,8
739,2pOEFqvfxp5uUQ8vQEmVA0,heaven knows ,pinkpantheress,13,Female,22,10/11/2023,,70,8
742,6uoGeT623i76TwlgYFfe42,hood hottest princess ,sexyy red,11,Female,25,09/06/2023,US,73,8
746,3GZYDIQKkBPbWHhl7t3fcf,bad news ,blu & real bad man,8,,96,01/09/2023,US,17,8
762,5lCC7zWHT10tMqvldqwxgb,14k figaro ,wiki & tony seltzer,14,Male,97,10/11/2023,US,28,8
770,6LGsSzCubtHkQToL3bU0xe,"ashes, organs, blood and crypts ",autopsy,11,Group,,27/10/2023,US,22,8
771,3GZYDIQKkBPbWHhl7t3fcf,bad news ,blu & real bad man,8,,96,01/09/2023,US,17,8
784,1O6d4cNuUV78GeXv7hgr4e,samurai ,lupe fiasco,8,Male,42,28/06/2024,US,60,8
792,1jXYc5gip5tqCTDOotfY5L,2093,yeat,22,Male,23,16/02/2024,US,81,8
798,6BzxX6zkDsYKFJ04ziU5xQ,cowboy carter ,beyoncé,27,Female,42,29/03/2024,US,84,8
804,6PdPOv5ybKZ9ZuGMk5iGZd,wall of eyes ,the smile,8,Group,,26/01/2024,GB,57,8
818,4dJvBAUQOaaCpRqsECRooa,loss of life ,mgmt,10,Group,,23/02/2024,US,53,8
820,53yiSGNdLyOa8mdFCoDTs3,dark times ,vince staples,13,Male,30,24/05/2024,US,41,8
821,2Y8WS7iDIZkvzB5GUeLvku,bright future ,adrianne lenker,12,Female,32,22/03/2024,US,61,8
822,1ycq58KRtWt3wFtbuIkvLn,prelude to ecstasy ,the last dinner party,12,Group,,02/02/2024,,69,8
826,3QdtCfrX94pXYujQemM3ZM,people who aren't there anymore ,future islands,12,Group,,26/01/2024,US,55,8
829,7CQp27clxVYy6Ou6jXht6g,tidal memory exo ,iglooghost,13,Male,,10/05/2024,GB,48,8
831,0LlzHi8Erl8zpTumqt88Qe,why lawd? ,nxworries (anderson .paak & knxwledge),19,Group,,14/06/2024,US,72,8
837,7aIsJRcf04ZeFiU1Fa70Cq,silence is loud ,nia archives,13,Female,,12/04/2024,,54,8
838,2csNHdXgFUqHtXkzKIJ52w,carousel from hell ,lust$ickpuppy,9,Group,,26/04/2024,RU,39,8
843,4j9UADX3wZtXWolDNT3y3x,the collective ,kim gordon,11,Female,63,08/03/2024,GB,45,8
845,7zLyYaOIilCtSBIrexqQ55,what a fricking nightmare ,the chisel,16,Group,,09/02/2024,GB,38,8
847,6p9Ia4q3Vrep9dFshfWFTU,cometh the storm ,high on fire,11,Group,,19/04/2024,US,46,8
852,1WmQsslshNgEpqnIkradrq,you like music mi,death's dynamic shroud & galen tipton,9,Group,,10/05/2024,US,39,8
856,4KwldT3zrx1PGvblleu7wp,hotel la rut ,joanna wang,23,Group,,07/05/2024,GB,45,8
857,1Fjelo0jZ4i1iQZBsK0pOA,no hands ,joey valence and brae,12,Group,,07/06/2024,,65,8
861,3akQbvTaRFTiQYZILxVm3E,#richaxxhaitian ,mach-hommy,17,Male,,17/05/2024,US,57,8
862,6wjcKFIUSu5mz1CcN7CcZH,diamond jubilee ,cindy lee,19,Male,103,18/06/2021,US,53,8
864,4McRUm1jODWhmUWmgmG0px,the great bailout ,moor mother,9,Female,,08/03/2024,,25,8
865,79MPzNLyjgol1RfGZDZLH2,what now ,brittany howard,12,Male,78,09/02/2024,DE,49,8
866,0SVglM3r51P5teNFrQ9WOE,something in the room she moves ,julia holter,10,Female,39,22/03/2024,US,42,8
880,3wzMjiyIQ2zDv3suwSHxpp,twice around the s,ugly (uk),6,Group,,03/04/2024,GB,38,8
881,2JdE3ilolUGhsNkW1oQfvf,night reign ,arooj aftab,9,Female,39,31/05/2024,,50,8
1,5pF05wJrbrIvqunE41vWP8,no pressure ,logic,15,Male,30,24/07/2020,US,60,7
2,4yP0hdKOZPNshxUOjY0cZj,after hours ,the weeknd,14,Male,30,20/03/2020,CA,86,7
3,3rt9CHTA1UdpNZRqEtlPbl,legends never die ,juice wrld,22,Male,21,10/07/2020,US,49,7
6,05c49JgPmL4Uz2ZeqRx5SP,chromatica ,lady gaga,16,Female,34,29/05/2020,US,71,7
7,2fenSS68JI1h4Fo296JfGr,folklore ,taylor swift,16,Female,30,24/07/2020,US,86,7
12,0wTx7qk1I85v3WSKyXWTNc,the goat ,polo g,16,Group,,15/05/2020,GB,46,7
13,6AORtDjduMM3bupSWzbTSG,evermore ,taylor swift,17,Female,31,07/01/2021,US,76,7
17,7f5AP647DfTSWf0OmZRrPe,van ,clown core,12,Group,,23/09/2020,US,42,7
18,0gsk1RGjMrtEDE05s0TZMf,mestarin kynsi ,oranssi pazuzu,6,Group,,17/04/2020,FI,28,7
19,6wTyGUWGCilBFZ837k5aRi,savage mode ii ,21 savage & metro boomin,15,Male,27,02/10/2020,US,82,7
37,6slkiHeFK3wW2D1mao0TX3,detroit 2 ,big sean,21,Male,32,04/09/2020,US,61,7
38,5o5xRlwkhpipPC0jGi2Sm2,grime mc ,jme,18,Male,35,01/06/2020,GB,42,7
47,0lmjCPEcec2k6L7ysNIcd3,shore ,fleet foxes,15,Group,,22/09/2020,US,53,7
59,52u4anZbHd6UInnmHRFzba,please excuse me for being antisocial ,roddy ricch,16,Male,21,06/12/2019,US,77,7
60,7fJJK56U9fHixgO0HQkhtI,future nostalgia ,dua lipa,11,Female,24,27/03/2020,,82,7
64,1Vg5v9M0afj5sIl1ndRXzy,kick i ,arca,12,Non-binary,32,30/11/2021,ES,54,7
66,0fO1KemWL2uCCQmM22iKlj,fetch the bolt cutters ,fiona apple,13,Female,42,17/04/2020,US,57,7
69,58pds9mGrPGQo7jX55wGi8,lamentations ,william basinski,12,Male,62,13/11/2020,US,26,7
72,64nbgEEIcY4g1ElVLONJ0w,man on the moon iii: the chosen ,kid cudi,18,Male,36,11/12/2020,US,65,7
79,1HmWQo43Gt8BR2dylfv3o4,ugly is beautiful ,oliver tree,14,Group,,17/07/2020,GB,64,7
84,6o5cXlhhYbFvewfsYpuyEM,vol. 2: as good as dead ,city morgue,17,Group,,13/12/2019,,58,7
87,6CM5qhYBvpgYNek5kYwuOJ,king's disease ,nas,15,Male,47,06/08/2021,US,52,7
89,1rjIIN3YaTgJFoACfUg0Ay,notre​-​dame​-​des​-​sept​-​douleurs ,klô pelgag,12,Female,30,26/06/2020,,31,7
93,7Dl44V6YlpZ7apC87YAWnC,suddenly ,caribou,12,Male,42,28/02/2020,CA,46,7
94,5lJqux7orBlA1QzyiBGti1,yhlqmdlg ,bad bunny,20,Male,25,29/02/2020,PR,84,7
96,121Hqnfr9tMBdL0LJuIstL,pixel bath ,jean dawson,13,Male,154,23/10/2020,FI,45,7
104,6VUfvSPnjROkSvVirKQ5fX,"pink, black, and orange in the corners. ",lobsterfight,8,Group,,31/08/2020,,11,7
106,4C3OTSuGTxlzKJdHg2zxQ0,self-titled ,spirit possession,7,Group,,24/07/2020,US,10,7
110,3aC8R2TkSWMB2YqjLtFKZj,doped runner verse ,them airs,8,Group,,20/11/2020,,11,7
115,6QYoRO2sXThCORAifrP4Bl,microphones in 2020 ,the microphones,20,Group,,11/09/2001,US,52,7
129,6a8GwYiEMrXgMvZBvuBXrt,limbo ,aminé,14,Male,26,07/08/2020,US,54,7
131,0FuahJaNlb2xX87G54NSLj,none ,gupi,11,,20,25/02/2020,US,33,7
132,1iYsYnkc0Bccy66X4GQ2tm,græ ,moses sumney,20,Male,29,15/05/2020,,45,7
133,00R4y0gymycDUv9IVY7VvO,heaven to a tortured mind ,yves tumor,12,Non-binary,,03/04/2020,IT,56,7
134,3q1BSfc3AumAd7oSk11XFd,planet's mad ,baauer,12,Male,31,19/06/2020,US,30,7
135,1iYsYnkc0Bccy66X4GQ2tm,græ ,moses sumney,20,Male,29,15/05/2020,,45,7
136,3q1BSfc3AumAd7oSk11XFd,planet's mad ,baauer,12,Male,31,19/06/2020,US,30,7
146,4HZ195qaMlhiKebUtF36ni,high road ,kesha,16,Female,32,31/01/2020,US,46,7
155,0dPj5xfT7jv9XxRhPbfGuH,be up a hello ,squarepusher,9,Male,45,31/01/2020,,27,7
159,5deucTECSaDkVgycsyUsPc,spirit world field guide ,aesop rock,21,Male,44,13/11/2020,US,45,7
163,0qnExDZfz0kVeBjixPsyjS,1000 gecs and the tree of clues ,100 gecs,19,Group,,10/07/2020,US,50,7
165,6mlRdEExXqk8Git4nghBSL,nightmare vacation ,rico nasty,16,Female,23,03/12/2020,US,53,7
181,00wSTrFxoSzA7eeS1UxHgd,sin miedo (del amor y otros demonios) ∞ ,kali uchis,13,Female,26,04/12/2020,US,75,7
185,4ZsKcq417wTfTHtYzP7Sbf,all thoughts fly ,anna von hausswolff,7,Female,34,25/09/2020,SE,25,7
192,5mdkqTHEmp4RvBVU8hZZCy,quarantine casano,chromeo,10,Group,,12/06/2020,CA,27,7
194,6xlQNGdro3cCcn8v1ZEGm3,burden of proof ,benny the butcher,12,Male,35,16/10/2020,,49,7
195,2LEEg9PQsJqQuhBU0poSrd,"streams of thought, vol. 3: cane and abel ",black thought,13,Group,,16/10/2020,GB,35,7
197,7oHKKCXCFIv3J1Yh5F08pu,dedicated side b ,carly rae jepsen,12,Female,34,21/05/2020,CA,44,7
207,2Wiyo7LzdeBCsVZiRA6vVZ,donda ,kanye west,32,Group,,14/11/2021,GB,64,7
210,6s84u2TUpR3wdUv4NgKA2j,sour ,olivia rodrigo,11,Female,18,21/05/2021,US,90,7
216,4JAvwK4APPArjIsOdGoJXX,the off-season ,j. cole,12,Female,55,14/05/2021,GB,72,7
224,1Vg5v9M0afj5sIl1ndRXzy,kick ii-iiiii alb,arca,12,Non-binary,32,30/11/2021,ES,54,7
227,3bmdzJRZ4DLRTiA6yBBQcI,fortitude ,gojira,11,Group,,30/04/2021,FR,56,7
228,1OSmlc9qUXmCPzox9m9J3l,violence unimagined ,cannibal corpse,11,Group,,16/04/2021,US,45,7
229,4E691gbRgo2Zb6ToII2DWO,absolutely ,dijon,12,Male,29,05/11/2021,US,60,7
238,4osMxywkQeNeGDzExEmAfB,volcanic bird enemy and the voiced concern ,lil ugly mane,19,Male,,12/10/2021,,45,7
243,1qMFjBarjO2xD15BwXZguD,pressure machine ,the killers,11,Group,,13/08/2021,GB,45,7
245,32ium7Cxb1Xwp2MLzH2459,sling ,clairo,12,Female,22,16/07/2021,US,65,7
247,32ium7Cxb1Xwp2MLzH2459,sling ,clairo,12,Female,22,16/07/2021,US,65,7
248,6pOiDiuDQqrmo5DbG0ZubR,montero ,lil nas x,15,Male,22,17/09/2021,US,76,7
251,7tJ8Wtej161vR0uCbGDiDR,juno ,remi wolf,13,Male,83,15/10/2021,DE,59,7
254,57EkTny9UjqpLhFzMO4Hdb,nine ,sault,14,Group,,05/05/2019,,64,7
259,52QyC9nSbgtHFXyQRHsXJ9,el madrileño ,c. tangana,14,Male,30,26/02/2021,ES,73,7
263,0Pm3i5huHlt1mjSLxyA1Re,frailty ,jane remover,13,Female,18,12/11/2021,,42,7
264,3vRrTXRKeqF9eotYWzpOlZ,i've seen all i need to see ,the body,8,Group,,29/01/2021,GB,14,7
268,33xbAWdpX79o2YtXBiBWQv,black metal 2 ,dean blunt,10,Male,,11/06/2021,,48,7
269,456WeVeZk38VJuqg2sL7QG,mood valiant ,hiatus kaiyote,12,Group,,25/06/2021,AU,58,7
274,21jF5jlMtzo94wbxmJ18aa,30,adele,12,Female,33,19/11/2021,GB,78,7
282,4lPqFAvgmG97pxyxQsyCQx,still over it ,summer walker,20,Female,72,05/11/2021,US,71,7
283,219LGvgmAhhwlfc3unDhUt,bright green field ,squid,11,Group,,07/05/2021,,38,7
284,6QeosPQpJckkW0Obir5RT8,chemtrails over the country club ,lana del rey,11,Female,35,19/03/2021,US,73,7
286,7mGW0YccQQZPCD1acHaClx,l.w. ,king gizzard & the lizard wizard,9,Group,,25/02/2021,AU,45,7
288,7doW9YWOtpmqHBqAUuBaKO,pray for haiti ,mach-hommy,16,Male,,21/05/2021,US,55,7
292,2nwfSapJ3YIq7Ofad4Vuh1,home video ,lucy dacus,11,Female,26,25/06/2021,US,56,7
293,2lcLu95m0kpo6bY86rj2XA,"a tiny house, in secret speeches, polar equals ",sweet trip,16,Group,,28/05/2021,GB,26,7
301,4amapIKW83vFszl88ybqXK,eternal home ,fire-toolz,25,Non-binary,,15/10/2021,,24,7
318,5ftKZ7X2vjjJ1HFQYQn1UF,sound ancestors ,madlib,16,Male,47,29/01/2021,US,42,7
323,6IjH8qpZNlh4L5yJ2vzS6k,yol ,altın gün,12,Group,,26/02/2021,,28,7
326,6AfA0FZhzRTpjDDYHkCd5B,black to the future ,sons of kemet,11,Group,,14/05/2021,GB,35,7
328,0kYKOTCAxIIEWKlNlhkOfJ,the path of the clouds ,marissa nadler,11,Female,40,29/10/2021,US,14,7
330,6clr8IqVLP2qcYxJpgSfrt,sketchy. ,tune-yards,11,Female,42,26/03/2021,US,26,7
331,7gLYRl6OVQjgsceV95XuUR,torn arteries ,carcass,10,Group,,17/09/2021,GB,35,7
335,1KHFw3hsKvNGGCkXKQMrbT,bo jackson ,boldy james & the alchemist,14,Group,,13/08/2021,GB,49,7
338,5vRUE4UELZbjkjjQDI7sSz,garbology ,aesop rock x blockhead,14,Male,45,12/11/2021,US,38,7
340,1uD1kdwTWH1DZQZqGKz6rY,jubilee ,japanese breakfast,10,Group,,04/06/2021,US,59,7
343,5MOODX5ZNXcbIyMLSluNbw,a martyr's reward ,ka,13,Male,67,13/08/2021,,19,7
344,7fdZwTbIUUVJ6Efrma3xlC,song of sage: post panic! ,navy blue,18,Male,23,22/12/2020,US,35,7
346,5vRUE4UELZbjkjjQDI7sSz,garbology ,aesop rock x blockhead,14,Male,45,12/11/2021,US,38,7
348,6gZsJeN8MdITXZMVDXrMk0,g_d's pee at state's end ,godspeed you! black emperor,8,Group,,02/04/2021,CA,35,7
350,1UiSJKr1F1Y3ZwbCw67JV2,animal ,lump,10,Group,,30/07/2021,GB,28,7
351,35C2QYq4OgkEXETksStyzz,la maquina ,conway the machine,11,Group,,16/04/2021,US,51,7
357,4rEDzWnp2RoNzSx8DjO7gY,bloodmoon: i ,converge & chelsea wolfe,11,Group,,19/11/2021,US,32,7
359,0kYKOTCAxIIEWKlNlhkOfJ,the path of the clouds ,marissa nadler,11,Female,40,29/10/2021,US,14,7
360,7gLYRl6OVQjgsceV95XuUR,torn arteries ,carcass,10,Group,,17/09/2021,GB,35,7
361,4DcSlKtxqHwu4oXgdoUtGY,oh no ,xiu xiu,15,Group,,26/03/2021,US,31,7
363,6FZdU775CdxYayW53tga6P,seek shelter ,iceage,9,Group,,07/05/2021,DK,18,7
364,6sQH9WNLJamVgyRudQV7eA,"entertainment, death ",spirit of the beehive,11,Group,,09/04/2021,GB,35,7
371,6pUiy5Z2QoIV0JOiKlu3aQ,the long and short of it ,"quickly, quickly",11,Male,,20/08/2021,,31,7
372,1T21oXPF0l4y517iKc8uL3,nice one ,catbite,10,Group,,06/08/2021,,28,7
374,7G7lPTcJta35qGZ8LMIJ4y,any shape you take ,indigo de souza,10,,,27/08/2021,,45,7
375,2m0frVKpUpDYRVWjc5L10g,delta estácio blues ,juçara marçal,11,Female,59,30/09/2021,,8,7
385,6xegQVK4FefeN720gDDFKe,if it bleeds it can be killed ,conway & big ghost ltd,9,Male,87,19/02/2021,US,28,7
389,20XfOL0gmcOQhupwC2bMDj,the plugs i met,benny the butcher & harry fraud,9,Group,,19/03/2021,GB,42,7
390,36nDwdvBHoJMIZn0wzYWrD,"last year was weird, vol.",tkay maidza,8,Female,24,07/08/2020,,45,7
398,6dVCpQ7oGJD1oYs2fv1t5M,being funny in a foreign language ,the 1975,11,Group,,14/10/2022,GB,75,7
406,2rhNQbqRNxiNQkDXTffe1V,beatopia ,beabadoobee,14,Female,22,15/07/2022,,73,7
407,7txGsnDSqVMoRl6RQ9XyZP,heroes & villains ,metro boomin,15,Male,29,02/12/2022,US,87,7
408,0RTHMVF27KRMHIGnF7iLru,vinyl days ,logic,30,Male,32,17/06/2022,US,51,7
414,2TgXc0KeZDRjb9AsnSED7M,get fricked ,the chats,13,Group,,19/08/2022,GB,51,7
416,261LWEVYViMXijB95mAty3,2000,joey bada$$,14,Male,27,22/07/2022,US,63,7
448,3c0NHNo2Gn0X7uARad3hGv,i didn't mean to haunt you ,quadeca,11,Male,22,10/11/2022,,47,7
449,3Ks0eeH0GWpY4AU20D5HPD,gemini rights ,steve lacy,10,Male,88,15/07/2022,US,77,7
450,2hCcPHWTbvF81CiXPUrM6I,bronco ,orville peck,15,Male,34,08/04/2022,US,56,7
451,1dShPPoxXfzbjFO1jIHJZz,blue rev ,alvvays,14,Group,,07/10/2022,CA,54,7
452,4TYqv90YfbQPWchJmGt0T8,bin reaper 3: old testament ,babytron,15,Male,22,28/10/2022,US,49,7
460,6TzgWk5HZItbFmMT7hH4bU,god save the animals ,alex g,13,Group,,23/09/2022,GB,53,7
465,1h6QGKzD4kzEZDzojyXeoM,chaos now* ,jean dawson,13,Male,156,07/10/2022,FI,46,7
466,3VXLdJpzeaAyX9Tbm0i0zn,"sometimes, forever ",soccer mommy,11,Female,25,24/06/2022,US,43,7
469,1szMY4QqnQZgNuyLBC4jUQ,lucifer on the sofa ,spoon,10,Group,,11/02/2022,US,45,7
471,4ohh1zQ4yybSK9FS7LLyDE,dance fever ,florence + the machine,14,Group,,13/05/2022,GB,64,7
477,1Wgcuni5PXwaTtRoo5SbmF,horsespit on route 66 ,the garden,11,Group,,08/09/2022,GB,51,7
479,1nUwhyn08TSd7Ibg6EWPmv,jodeki ,tricot,24,Group,,15/12/2021,JP,29,7
480,1ndGwkfVOx1WpPGluiOEl9,spirit of ecstasy ,imperial triumphant,8,Group,,22/07/2022,US,20,7
481,5EVRkU1hii3VvUFblfexze,raw data feel ,everything everything,14,Group,,20/05/2022,GB,43,7
483,009EjjwUjtdjvH7UP0wHzi,a light for attracting attention ,the smile,13,Group,,13/05/2022,GB,56,7
493,1S5vq5vSHCnCJnMljIiuS6,formentera ,metric,9,Group,,08/07/2022,CA,44,7
494,4rXBcuJMRSt4izAwXNrTQu,the overload ,yard act,11,Group,,21/01/2022,,46,7
497,46qeiLBu3KwqFQpJBT7t6B,fear of the dawn ,jack white,12,Male,46,08/04/2022,,43,7
499,444RMt69h1rsEgb5JFr2Z6,psychagogue ,krallice,4,Group,,17/06/2022,,4,7
500,1S8KMYJE7raT6e6hfPRLUU,three dimensions deep ,amber mark,17,Male,72,28/01/2022,GB,50,7
501,6jBRjtrgSlOvQvrSdtQa8Q,glitch princess ,yeule,13,Non-binary,24,04/02/2022,GB,39,7
502,1yk448SJRapgsEqCaF81nM,4nem ,chief keef,14,Male,26,17/12/2021,US,56,7
504,5dZcvDyVbM5HplrbzE8r60,shunka ryougen ,haru nemuri,21,,,22/04/2022,,29,7
509,1hngVRZt95TrqPqXoJzQ4A,"and in the darkness, hearts aglow ",weyes blood,10,Female,34,18/11/2022,US,50,7
512,3FpfPUHuUBCG9f4RvvgTH6,there will be no super-slave ,ghais guevara,15,Male,21,16/07/2022,,32,7
519,1NLLTGSKTYOvlFKFtRXFGz,magic ,nas,15,Male,50,14/09/2023,US,51,7
521,2mvvQ1WnfeB5tduglyPCrz,languish arts / woeful studies ,ka,10,Male,68,16/09/2022,,20,7
523,138M0lORis5tDxurpIbd7V,10,westside gunn,12,Male,40,28/10/2022,US,49,7
524,59VjMEiXIOpzLAMAHrLlfj,spiderr ,bladee,13,Male,28,30/09/2022,SE,46,7
525,16AQyjz1z9rOsTm6iVrBUR,mahal ,toro y moi,13,Male,35,29/04/2022,US,46,7
529,0FOqOvLYbfpNsmD4BV8B9R,heavy rocks (2022) ,boris,10,Group,,12/08/2022,JP,13,7
533,2IVL0vnFIe9uHWW1TAocC7,painless ,nilüfer yanya,12,Female,26,04/03/2022,GB,38,7
536,2IHDXQWkvzLVusSifMZDDX,before the glinting spell unvests ,ustalost,6,,,17/12/2021,,7,7
543,1ytUbGMipQRc7E4msTXCX2,before sh!t got weird ,the cool kids,21,Group,,03/03/2022,US,28,7
546,6rFFWK98d8hhdSYgaOxI5L,ugly season ,perfume genius,10,Male,40,17/06/2022,US,31,7
548,5pL9YDRmrXWNPEJGKiYUXs,it's time... to rise from the grave ,undeath,10,Group,,22/04/2022,,26,7
549,6GfYRMD52msi3dHjnGpOWv,time skiffs ,animal collective,9,Group,,04/02/2022,US,29,7
552,57263zG8Md6XZ9lBUPPYCm,no thank you ,little simz,10,Female,28,12/12/2022,GB,58,7
555,4fAgGEM3LIMho5Brx5Gio9,arkhon ,zola jesus,10,Female,33,24/06/2022,US,25,7
556,2yI4m5Yu2tl8v0It5P9WVz,who cares? ,rex orange county,11,Male,23,11/03/2022,,70,7
557,57Gap1bLf80bG8yfhyBjzD,ugly death no redemption angel curse i love you ,ada rook,11,Female,33,23/05/2022,CA,33,7
561,02R7PREL8nCr02CEYLy7YH,big time ,angel olsen,10,Female,35,03/06/2022,US,44,7
566,6jbtHi5R0jMXoliU2OS0lo,motomami ,rosalía,16,Female,29,18/03/2022,ES,72,7
567,2NwAbsKSl0jrpFw7nyeX8v,ghetto gods ,earthgang,17,Group,,25/02/2022,US,47,7
568,7BlWNRjwKnLrf7yf0VdSvg,a tape called component system with the auto reverse ,open mike eagle,6,Male,34,03/02/2015,,29,7
571,3gNLleI1petZq52QmMkcNW,deathfame ,quelle chris,14,Male,37,13/05/2022,US,27,7
583,0TJe1zaoMElWrLSIhmSyKL,electricity ,ibibio sound machine,12,Group,,25/03/2022,GB,32,7
586,36AMMUaumC4bYBcUpVryWu,killing nothing ,boldy james & real bad man,13,Male,39,20/05/2022,,34,7
590,18NOKLkZETa4sWwLMIm0UZ,utopia ,travis scott,19,Male,32,28/07/2023,US,90,7
599,7tWP3OG5dWphctKg4NMACt,quest for fire ,skrillex,15,Male,35,17/02/2023,US,67,7
608,6Per97deaWqrJlKQNX8RGK,let's start here. ,lil yachty,14,Male,25,27/01/2023,US,68,7
617,3QWc9HhBWgk9dIEwOkJx4q,memento mori ,depeche mode,12,Group,,24/03/2023,GB,59,7
621,25Uddgldy3slnChqKqHsIM,aftërlyfe ,yeat,22,Male,23,24/02/2023,US,69,7
625,2X6WyzpxY70eUn3lnewB7d,data ,tainy,20,Male,33,29/06/2023,PR,80,7
630,0e9GjrztzBw8oMC6n2CDeI,the record ,boygenius,12,Group,,31/03/2023,US,72,7
638,64L1urQKsuPJQMteCZX6pX,integrated tech solutions ,aesop rock,18,Male,47,10/11/2023,US,47,7
642,1w7YBHqXz6UfLrVur8JAcW,live at bush hall ,"black country, new road",9,Group,,24/03/2023,,43,7
648,7sfiDMLBSmaP9IYJh7Qwlz,devil music ,portrayal of guilt,10,Group,,20/04/2023,US,29,7
650,6A3JJrCJO2TXZ9Vfy3tIbW,food for worms ,shame,10,Group,,24/02/2023,GB,38,7
653,7t01lwQRDjtEvwiAm88ACH,softscars ,yeule,12,Non-binary,25,22/09/2023,GB,49,7
654,2jFEoWXPcVtO7MX0j12kZ6,voir dire ,earl sweatshirt & the alchemist,11,Group,,06/10/2023,GB,55,7
655,6agQKhrctciHD4QH7KufOS,the death of randy fitzsimmons ,the hives,12,Group,,11/08/2023,GB,53,7
656,0wXpRGFLQVpCi1qpunqBRH,how do you sleep at night? ,teezo touchdown,17,Male,31,10/01/2024,US,57,7
661,77I9CjThngVCVpPtvC67yp,comradely objects ,horse lords,7,Group,,04/11/2022,US,21,7
677,68MBT3yXpXHBSnDT5SCOrF,intercepted message ,osees,12,Group,,18/08/2023,US,37,7
682,5hOFWwfkeWetTEnMTbX4q9,gag order ,kesha,13,Female,36,19/05/2023,US,47,7
684,2fDzuk5guuB5LTCrdHCVqm,the beggar ,swans,11,Group,,23/06/2023,US,24,7
689,3IkNZiLRC15x84CCPL4pIN,self-titled ,spiritual cramp,10,Group,,03/11/2023,,38,7
700,7qngj2U22AGXVoZB6QsZ51,speed run ,frost children,11,Group,,14/04/2023,,37,7
701,0GSARUUhweinQufLR663b4,radical romantics ,fever ray,10,Male,92,10/03/2023,US,33,7
702,7nKNz12BoGEYHqJmwUoC4P,no highs ,tim hecker,11,Male,49,07/04/2023,CA,31,7
706,1Yn50kkCayBEXlOj6Vvc9l,the aux ,blockhead,15,Male,47,21/06/2024,US,34,7
708,1R7oXtXCQEI7GDujxImL87,the patience ,mick jenkins,11,Male,32,18/08/2023,US,51,7
710,2lu7c86G1ptjMJVL9upG1H,false lankum ,lankum,12,Group,,24/03/2023,,42,7
712,0jUAT2Y1TzQf6ScjVJFKQy,fudeki ,tricot,24,Group,,14/12/2022,JP,31,7
713,2ik9ifrDdzxRsJU9fy9TFc,i inside the old year dying ,pj harvey,12,Female,53,07/07/2023,,47,7
721,2gL0IM5SYhCxJebPaKdDkx,weathervanes ,jason isbell and the 400 unit,13,Group,,09/06/2023,US,51,7
729,6CmlLROLOUJZnZ8QeCCpqD,heavy heavy ,young fathers,10,Male,77,03/02/2023,CA,48,7
734,2Wi8OSVCCTQT9sTVKCfoYA,the rime of memory ,panopticon,6,Group,,29/11/2023,US,25,7
735,2aswMmRN4vXGalI39pDsMb,quaranta ,danny brown,11,Male,90,17/11/2023,US,45,7
736,2zz6j2mGH5JHk0ihNvy6KM,again ,oneohtrix point never,13,Male,41,29/09/2023,US,34,7
738,3ss5c9CfkPvTQeQutNcJEm,ontological mysterium ,horrendous,9,Group,,18/08/2023,,27,7
745,2ZwNcWl8h9blysDE8i4juL,playing robots into heaven ,james blake,11,Male,90,08/09/2023,US,50,7
747,5OZ44LaqZbpP3m9B3oT8br,red moon in venus ,kali uchis,15,Female,28,03/03/2023,US,75,7
748,06Zp2J6vjuVSOKHtFcFtJ0,world of hassle ,alan palomo,13,Male,73,15/09/2023,US,32,7
753,364BvIMiL3BsjqTJ9teX1E,excelsior ,slauson malone 1,18,Male,27,06/10/2023,,32,7
757,3CXoPCQuBb7kP9vEFcfXKU,and then you pray for me ,westside gunn,21,Male,41,13/10/2023,US,55,7
758,4Jxk91uFsdzMWcZNyqj6eO,hearth room ,frost children,11,Group,,17/11/2023,,35,7
760,2WJsNhU7H0rZQzWdMVQ4NV,sznz: wint,weezer,28,Group,,21/12/2022,US,42,7
761,2ZwNcWl8h9blysDE8i4juL,playing robots into heaven ,james blake,11,Male,90,08/09/2023,US,50,7
772,5OZ44LaqZbpP3m9B3oT8br,red moon in venus ,kali uchis,15,Female,28,03/03/2023,US,75,7
783,1oTCR7iu3JtzHcEBWv14qf,coin coin chapter five: in the garden... ,matana roberts,16,Female,45,29/09/2023,US,13,7
786,7aJuG4TFXa2hmE4z1yxc3n,hit me hard and soft ,billie eilish,10,Female,22,17/05/2024,US,100,7
787,0FzWvaeMBfKBCqxHTLVlB8,megan ,megan thee stallion,18,Female,29,28/06/2024,US,84,7
788,6U11VNHZAfYY3E9V4oFB2p,tangk ,idles,11,Group,,16/02/2024,GB,62,7
791,4gd3XcQ7dR37m8GimBfiYT,this could be texas ,english teacher,13,Group,,12/04/2024,,51,7
795,4iqbFIdGOTzXeDtt9owjQn,we don't trust you ,future & metro boomin,17,Male,30,22/03/2024,US,90,7
796,5jsfwcWxZIPtF5aaWx0mlL,empathogen ,willow,12,Female,23,03/05/2024,US,66,7
801,0SgF4c7VeFBoATEdpTvgG8,invincible shield ,judas priest,14,Group,,08/03/2024,GB,57,7
807,6ooBxhsOVedpX4zPTCyL86,hyperdrama ,justice,13,Group,,26/04/2024,FR,70,7
808,107WsrBqn5xVPgystkziry,blue lips ,schoolboy q,18,Male,37,01/03/2024,,65,7
813,5ROzqM7rbMYoKbQIw4i7fp,i got heaven ,mannequin p*ssy,10,Female,44,01/03/2024,US,56,7
816,2nYVbfF20AiedBTYcswFAW,moon healer ,job for a cowboy,8,Group,,23/02/2024,US,40,7
817,6Wt3uI8G0yhXSvC0jAl9Cg,fine art ,kneecap,18,Group,,14/06/2024,,54,7
828,10o3OFqQt0gqemtIcCh72x,girl with no face ,allie x,11,Female,38,23/02/2024,US,51,7
830,6xw2hoSzBYynn2dGmERunp,almighty so 2 ,chief keef,16,Male,28,10/05/2024,US,68,7
842,7hUAyfpXkSE2JT5gOORZO0,here in the pitch ,jessica pratt,9,Female,37,03/05/2024,,50,7
844,3C3t2bKhwEL3wdKioqWUDh,timeless ,kaytranada,21,Male,31,07/06/2024,CA,78,7
851,7CzyObXFjSZ3DuxvS5P0pN,my story got stories ,bruiser wolf,14,Male,85,12/01/2024,DE,28,7
859,7q2TYQUhAg9mzIjybDBpGI,dostrotime ,squarepusher,12,Male,49,01/03/2024,,34,7
873,5U20AVSsUvycGtWip4XQfo,orquídeas ,kali uchis,14,Female,29,12/01/2024,US,77,7
876,4MGjgJ8yPEZmmjwE4IgW6y,100% prod i.v. ,lucy,12,Male,41,19/01/2024,,25,7
884,6qmdN6iuwEv16hjiLbZP6W,you could do it tonight ,couch sl*t,9,Group,,19/04/2024,GB,28,7
885,3L2N9iWhyf3e3BeCJNXOSJ,anniversary ,adeem the artist,12,,,03/05/2024,,32,7
886,2jK2rbbnrzsId5WWSc67HP,drop,little simz,7,Female,29,09/02/2024,GB,55,7
5,71O60S5gIJSIAhdnrDIh3N,the album ,blackpink,8,Group,,02/10/2020,KR,73,6
10,7e7t0MCrNDcJZsPwUKjmOc,"shoot for the stars, aim for the moon ",pop smoke,19,Male,20,03/07/2020,US,79,6
11,6gJ8VKn5PAFcCIVaf3B2uE,nectar ,joji,18,Male,28,24/09/2020,US,75,6
27,7lQFB2a8cy0G6XR9BGh6IF,the allegory ,"royce da 5'9""",22,Male,42,21/02/2020,US,36,6
36,6nUUV3haj8ug8okTmOyIU2,i let it in and it took everything ,loathe,14,Group,,07/02/2020,GB,64,6
40,5BRhg6NSEZOj0BR6Iz56fR,plastic hearts ,miley cyrus,15,Non-binary,28,27/11/2020,US,77,6
49,20r762YmB5HeofjMCiPMLv,my beautiful dark twisted fantasy ,kanye west,13,Group,,22/11/2010,GB,81,6
56,7lQFB2a8cy0G6XR9BGh6IF,the allegory ,"royce da 5'9""",22,Male,42,21/02/2020,US,36,6
58,31qVWUdRrlb8thMvts0yYL,the slow rush ,tame impala,12,Male,34,14/02/2020,AU,77,6
73,6nfJMRoIjyRwk3ZTHNm0PY,pray for paris ,westside gunn,12,Male,37,17/04/2020,US,60,6
74,140JX9hRDcAmfANQeKSnmG,disco ,kylie minogue,16,Female,52,06/11/2020,AU,53,6
76,2hBsumppgOd7CFAeBG1QfA,"down in the weeds, where the world once was ",bright eyes,14,Group,,21/08/2020,US,39,6
80,6vrPYwaocZatMSJHAghS5b,re-animator ,everything everything,11,Group,,11/09/2020,GB,36,6
82,7IO9UObUD76ZCLVu3ND7tz,extinction level event 2: the wrath of god ,busta rhymes,22,Male,48,30/10/2020,US,44,6
90,4cGMvaBqpT2Vn6aMMe9bCH,crack a light ,dope body,14,Group,,30/10/2020,US,8,6
95,38grabLpTHYySHEyG0TyUN,333,bladee,16,Male,26,16/07/2020,SE,54,6
98,4dsMe3EBC8xURaxMhyorgf,top shotta ,nle choppa,20,Male,17,07/08/2020,US,71,6
99,17SLjgzWYYPzxSggG8BRw5,likewise ,frances quinlan,9,Female,33,31/01/2020,US,28,6
100,16NHNs15w1bpkFiBOUgDaB,7g ,a. g. cook,49,Male,29,12/08/2020,,45,6
119,4ccRIggrRn3rn6OJJTtg19,endless wound ,black curse,7,Group,,24/04/2020,GB,26,6
128,6fA79mAHNeBhaUnuWBADwc,lament ,touché amoré,11,Group,,09/10/2020,US,38,6
139,1prgWeOu8QaOZnMeUeTdhN,ultimate success today ,protomartyr,10,Group,,17/07/2020,US,31,6
140,59GRmAvlGs7KjLizFnV7Y9,it is what it is ,thundercat,15,Male,35,03/04/2020,US,69,6
141,3DJr1BSzizp7VguJ65LqrQ,años en infierno ,xibalba,8,Group,,29/05/2020,US,19,6
150,5JRDThBQfispLDYGCF4JuX,kiss my super bowl ring ,the garden,11,Group,,13/03/2020,GB,48,6
152,4pk3IXbfaU0cK7oHuEdbEJ,disco4 :: part i ,health,12,Group,,08/04/2022,US,49,6
154,79fGMhdBAKmCiih3K8Gwqz,inner song ,kelly lee owens,10,Female,32,28/08/2020,GB,37,6
156,16l3FJwjZooUHbU37sdeeI,protean threat ,osees (oh sees),13,Group,,18/09/2020,US,39,6
157,2Bd6trS7kIZOXujYdVP8Xd,the ascension ,sufjan stevens,15,Male,45,25/09/2020,US,38,6
166,6KyrXenbN00HrJscGWCsf0,we're new again ,gil-scott heron & makaya mccraven,18,Male,36,07/02/2020,,29,6
169,0KjckH1EE6HRRurMIXSc0r,good news ,megan thee stallion,17,Female,25,20/11/2020,US,67,6
172,0lvI7FUbha0fLMiHz57OV7,telas ,nicolas jaar,4,Male,30,17/07/2020,US,17,6
173,6uuQKwM3fRETiscHqlnxuo,k.g. ,king gizzard & the lizard wizard,10,Group,,20/11/2020,AU,45,6
176,6wp1us3xBnYz5qldxrZXRf,energy ,disclosure,20,Group,,28/08/2020,GB,57,6
182,5o7JAhPyjgxKUsJH0PpwwZ,magic oneohtrix point never ,oneohtrix point never,17,Male,38,30/10/2020,US,38,6
188,23SV7P5U8oF3EJfkdW08wO,"anime, trauma & divorce ",open mike eagle,12,Male,39,16/10/2020,,26,6
199,6JP1xbkFnacGAvrIWW5pzF,everything is beautiful & everything sucks ,princess nokia,10,Non-binary,27,26/02/2020,,50,6
206,6HwzIlrCDq3WF9vMq8meqG,we're all alone in this together ,dave,12,Group,,22/07/2021,US,70,6
214,7n23fjZTviIUnHyvZGQjni,the melodic blue ,baby keem,19,Male,20,22/09/2021,US,64,6
232,5xnZl7sdxxIb4rkDcbD4IC,hushed and grim ,mastodon,15,Group,,29/10/2021,US,50,6
235,5fa6oWFXuvaVkY49mfOsRd,ancient dreams in a modern land ,marina,10,Female,35,11/06/2021,,61,6
239,4WX3TCsgiGPEfWF37jq5N6,a diabolic thirst ,spectral wound,6,Group,,16/04/2021,,34,6
244,0KtFP56RU7bd32pcvdeWOU,hitler wears hermes 8 ,westside gunn,20,Male,39,24/09/2021,US,58,6
253,0bjWUx7icW39rOfUnX6PVc,bob's son ,r.a.p. ferreira,12,Male,28,01/01/2021,US,25,6
257,4LjNbxlMmWNn5Yky9bfxRm,as the love continues ,mogwai,11,Group,,19/02/2021,GB,28,6
260,3sq0hRtlT2SYeYajr5Cx22,"if i can't have love, i want power ",halsey,13,Female,26,27/08/2021,US,57,6
262,07FItTfHsxADQ4sLDxqgFA,drunk tank pink ,shame,22,Group,,19/11/2021,GB,38,6
276,4odeNH2Qe9DAxT3sC1qq9p,super what? ,czarface & mf doom,10,Male,49,07/05/2021,US,55,6
295,27ygqCfb4dXQ3jyXnC58FU,crawler ,idles,14,Group,,12/11/2021,GB,53,6
296,7DRgfXDI7Uk4HKIEC1Z4lb,hall of fame ,polo g,20,Group,,25/06/2021,GB,42,6
298,6SPUtbeCQiPGej0t5RBasE,take the sadness out of saturday night ,bleachers,10,Group,,30/07/2021,US,51,6
299,2rnbGp9o1lJ0T77RBU1bCC,flux ,poppy,9,Female,26,24/09/2021,US,45,6
310,6CvBb1XqN0igtQrWrbXD80,the voice of the heroes ,lil baby & lil durk,18,Male,28,04/06/2021,US,68,6
315,4n1tg05JN5EY0k7FRRcAir,the fool ,bladee,13,Male,27,28/05/2021,SE,52,6
317,6H9QBo21NFBgN9Thf84pK7,is 4 lovers ,death from above 1979,10,Group,,26/03/2021,CA,35,6
337,0Q6KFth9qxni5rsmqtcTKO,screen violence ,chvrches,10,Group,,27/08/2021,GB,45,6
345,6H9QBo21NFBgN9Thf84pK7,is 4 lovers ,death from above 1979,10,Group,,26/03/2021,CA,35,6
353,0Q6KFth9qxni5rsmqtcTKO,screen violence ,chvrches,10,Group,,27/08/2021,GB,45,6
354,67ZK5fWl9gSwh08YJJyLci,lei line eon ,iglooghost,10,Male,,02/04/2021,GB,25,6
366,1f92L2RYQBvolOuzzpQYbP,van gogh's left ear ,zelooperz,19,Male,28,20/07/2021,,31,6
370,3hufhPvd2yMXONUeQjyrT3,charmed ,dj sabrina the teenage dj,31,Group,,25/11/2020,GB,29,6
373,6luveNSKdzgv80ZqQYsIgA,we are always alone ,portrayal of guilt,9,Group,,29/01/2021,US,22,6
376,6Ev0UgdNwWq80Em5jknB95,harlecore ,danny l harle,1,Male,,11/07/2019,,10,6
382,0KkHzH0uia9zwPbrCbS6NY,twopointfive mi,aminé,12,Male,27,05/11/2021,US,52,6
384,0KkHzH0uia9zwPbrCbS6NY,twopointfive mi,aminé,12,Male,27,05/11/2021,US,52,6
386,5LsyqeWryTmxsmda4xkm5a,unlocked 1.5 ,denzel curry x kenny beats,8,Male,24,07/02/2020,US,52,6
387,438ToDoVaJH5aTIXXrlDyI,demidevil mi,ashnikko,10,Non-binary,24,15/01/2021,US,68,6
388,30isRfL4u7fowKgTVsydDt,un canto por méxico vol. 2 ,natalia lafourcade,12,Female,33,05/05/2017,MX,63,6
394,75OE7M0wduJyffbffehHuR,zeit ,rammstein,11,Group,,29/04/2022,DE,72,6
400,5MS3MvWHJ3lOZPLiMxzOU6,her loss ,drake & 21 savage,16,Male,30,04/11/2022,US,80,6
401,5r36AJ6VOJtp00oxSkBZ5h,harry's house ,harry styles,13,Male,28,20/05/2022,,88,6
404,0KJc9ksnoJJsdpQxV3z5i1,return of the dream canteen ,red hot chili peppers,17,Group,,14/10/2022,US,60,6
409,5q2iMctlDvEMYVIawF6Vop,actual life 3 ,fred again..,13,Male,28,28/10/2022,GB,69,6
412,3WmujGwOS0ANHkJRnMH6n8,preacher's daughter ,ethel cain,13,Female,24,12/05/2022,US,69,6
435,5z1xjvymitc0DJETtvVmaX,the gods we can touch ,aurora,15,Female,25,21/01/2022,NO,60,6
437,3RQQmkQEvNCY4prGKE6oc5,un verano sin ti ,bad bunny,23,Male,28,06/05/2022,PR,92,6
446,0r9awI5WRCZpwk0aVQ4bKO,self-titled ,wet leg,12,Group,,08/04/2022,GB,64,6
456,2AZ6B4mTJHQYee6U64rsXa,this world is going to ruin you ,vein.fm,12,Group,,04/03/2022,US,34,6
459,5ogYKSRRlVAgMzv09HFeIn,the dream ,alt-j,12,Female,56,11/02/2022,GB,47,6
461,4dhK1XKetMnAilmo6CMID8,few good things ,saba,14,Male,51,04/02/2022,US,53,6
463,20KGjm5xRROTqP0UY1EVRg,bleed out ,the mountain goats,12,Group,,19/08/2022,US,39,6
467,0CA2EVHhRPR5VPV78KZw89,the mars volta ,the mars volta,10,Group,,01/01/2003,US,50,6
468,7sGOQncTJ6iMPl4RZUv42N,the unraveling of puptheband ,pup,12,Group,,01/04/2022,CA,38,6
476,3N3alcn9EvmanafUt70Vxh,from a birds eye view ,cordae,14,Male,24,14/01/2022,US,57,6
484,4tuqA7qbVsPukqsYPPrcF7,omnium gatherum ,king gizzard & the lizard wizard,16,Group,,22/04/2022,AU,54,6
486,51heTwkSfb4Z5dRIgwU2bd,sick! ,earl sweatshirt,10,Male,27,14/01/2022,US,48,6
487,4aW4iDepQUl5ZCHd1Gli68,entergalactic ,kid cudi,15,Male,38,30/09/2022,US,61,6
508,63bs2cLZO9wm6hvhovU1AU,labyrinthitis ,destroyer,10,Group,,25/03/2022,CA,25,6
510,4YP0h2KGDb20eJuStnBvim,traumazine ,megan thee stallion,18,Female,27,12/08/2022,US,67,6
514,65mT2Cz9wGNNvUw8hax9nj,arrangements ,preoccupations,7,Group,,09/09/2022,CA,21,6
518,6KQa2rAuOS2rX18xyA9eru,you can't kill me ,070 shake,14,Female,24,03/06/2022,US,50,6
527,6SZtno2XqSmfr5MKsNeXmC,palaces ,flume,13,Male,30,20/05/2022,AU,52,6
528,5feRs2ejrMcxuM5hcDDSBb,this is what i mean ,stormzy,12,Male,29,25/11/2022,GB,57,6
531,4PeQkwKNRLafhe166WpWN0,oxy music ,alex cameron,9,Male,78,11/03/2022,GB,33,6
534,1GWWErA3u49ANQoGygvziN,freakout / release ,hot chip,11,Group,,19/08/2022,GB,33,6
535,2G549zeda2XNICgLmU0pNW,ramona park broke my heart ,vince staples,16,Male,28,08/04/2022,US,60,6
538,7A356O065CDhBZCA5tO6u5,back 2 life ,thaiboy digital,12,Male,28,18/11/2022,TH,40,6
541,4VlJ9qrXIoKFQ2Ai0nhKL7,"home, before and after ",regina spektor,10,Female,42,24/06/2022,US,37,6
542,1NgFBv1PxMG1zhFDW1OrRr,special ,lizzo,12,Female,34,15/07/2022,US,65,6
544,6iUUKuRHlCy9GeKmIwbPRu,world wide pop ,superorganism,13,Group,,15/07/2022,,28,6
547,5J2NqsDqtVGCqb0bqQf3RU,cry sugar ,hudson mohawke,19,Male,36,12/08/2022,GB,31,6
554,7AXXRxTM67OvipZj9iRbhw,famously alive ,guerilla toss,10,Group,,25/03/2022,,22,6
558,3l2Gi0hMjZV2uvKoWlFkoQ,the loneliest time ,carly rae jepsen,16,Female,36,21/10/2022,CA,55,6
560,3Kkrsa5dgEgl2fYyO51EEf,the elephant man's bones ,roc marciano & the alchemist,14,Male,44,26/08/2022,,45,6
563,4rcinMUHEWOxpIwJo2sf22,laurel hell ,mitski,11,Female,31,04/02/2022,US,65,6
578,3PqowBonjatEu0P7g5AIHr,we've been going about this all wrong ,sharon van etten,10,Female,41,06/05/2022,US,41,6
579,20NAtKWWeyYn9QIzOejT0Y,reset ,panda bear & sonic boom,9,Group,,12/08/2022,,33,6
588,4aTdfh8F07U59ClqhljKHp,red & white 🔴,lil uzi vert,5,Non-binary,26,23/07/2022,US,54,6
600,2IUoE0jqkViW6gGfqLcjG2,scarlet ,doja cat,24,Female,28,05/04/2024,US,70,6
602,2mBH7RhAS6vRKkSlA7IRIJ,michael ,killer mike,14,Male,48,16/06/2023,US,58,6
603,4wtZQMNTC1O79kDxMBsEan,cracker island ,gorillaz,10,Group,,24/02/2023,,67,6
609,1vL2mgGTukkrUxXt0loeTN,unreal unearth ,hozier,20,Male,34,22/03/2024,IE,77,6
616,33Ek6daAL3oXyQIV1uoItD,new blue sun ,andré 3000,8,Male,48,17/11/2023,US,52,6
636,2ZTDmH94OLjeNaOvT7Ngwk,in times new roman... ,queens of the stone age,10,Group,,16/06/2023,US,57,6
644,7iY6PA1ftgY8OKOzc2vBdo,the silver cord ,king gizzard & the lizard wizard,14,Group,,27/10/2023,AU,42,6
652,0gIZSG9WUDO3TK0B5y7UtU,the ballad of darren ,blur,10,Group,,21/07/2023,GB,50,6
659,7ivbFszr1TbVadj89BIy1y,never enough ,daniel caesar,15,Male,28,07/04/2023,CA,77,6
665,4zvDpKZOVNq4m6OfsM6hbB,formal growth in the desert ,protomartyr,12,Group,,02/06/2023,US,34,6
673,0zhrmq8bb6JQRgXFX7XowL,*ghettoland ,jimmy,17,Male,74,02/12/2022,JM,26,6
679,6tkuHFo0hTGGkWEGjdKOjz,rat wars ,health,12,Group,,07/12/2023,US,51,6
690,3440hCSfwYXxJcbQ0j3jAJ,the age of pleasure ,janelle monáe,14,Non-binary,37,09/06/2023,US,57,6
697,6HjuqzWf3UlJoaU7iqDRIv,fanfare ,dorian electra,13,Non-binary,31,06/10/2023,US,46,6
707,1NLLTGSKTYOvlFKFtRXFGz,magic 3 ,nas,15,Male,50,14/09/2023,US,51,6
709,0uDWPhORO8SgKok6AuEyAc,disposable everything ,ajj,14,Group,,26/05/2023,US,39,6
711,4ZtC6HhG26hK47TkNhrWT1,census designated ,jane remover,10,Female,20,20/10/2023,,40,6
720,1hNzs6WR8UbUsAkyr4jXEO,herbert ,ab-soul,18,Male,35,16/12/2022,US,51,6
725,6HjuqzWf3UlJoaU7iqDRIv,fanfare ,dorian electra,13,Non-binary,31,06/10/2023,US,46,6
737,2jSmcj39eQiU76EbMGuxS0,everything is alive ,slowdive,8,Group,,01/09/2023,GB,53,6
744,7apNQP91GqGNpVX3vhHrP5,ignore grief ,xiu xiu,10,Group,,03/03/2023,US,22,6
749,7KTAkz6cGXjFqpxUZIG8WH,shook ,algiers,17,Group,,24/02/2023,US,19,6
750,4bRYGKmKOkXvKL1QBf0cGk,the loveliest time ,carly rae jepsen,13,Female,37,28/07/2023,CA,53,6
751,15eosxhQvPKQ1g0tfrnAt2,all of this will end ,indigo de souza,11,,,28/04/2023,,47,6
752,2TcGsG6Ht4iMbEQ0u62Rbz,magic 2 ,nas,11,Male,49,21/07/2023,US,47,6
754,4ZtC6HhG26hK47TkNhrWT1,census designated ,jane remover,10,Female,20,20/10/2023,,40,6
759,4bRYGKmKOkXvKL1QBf0cGk,the loveliest time ,carly rae jepsen,13,Female,37,28/07/2023,CA,53,6
767,7apNQP91GqGNpVX3vhHrP5,ignore grief ,xiu xiu,10,Group,,03/03/2023,US,22,6
768,5LIlFbWpjACyQFNW0nYvUC,praise a lord who chews but which does not consume ,yves tumor,12,Non-binary,,17/03/2023,IT,51,6
773,2T1GRKlc7BEVxngyYfUMvT,butcher house mi,sematary,12,Male,22,13/01/2023,US,50,6
777,2TcGsG6Ht4iMbEQ0u62Rbz,magic 2 ,nas,11,Male,49,21/07/2023,US,47,6
780,2TvE3Ck4cUcXwwD7bkO7pl,sweet justice ,tkay maidza,14,Female,27,03/11/2023,,40,6
782,5XL4zY3fBxAzl0xBBqSxdJ,i am upset because i see something that is not there. ,fire-toolz,12,Non-binary,,07/04/2023,,14,6
785,5EYKrEDnKhhcNxGedaRQeK,eternal sunshine ,ariana grande,13,Female,30,08/03/2024,US,91,6
797,2RRYaYHY7fIIdvFlvgb5vq,american dream ,21 savage,15,Male,31,12/01/2024,US,84,6
806,692R05mxz7V6eOFoj5PMlQ,atavista album review (3.,childish gambino,11,Male,40,13/05/2024,US,71,6
812,1KFWgQTw3EMTQebaaepVBI,clancy ,twenty one pilots,13,Group,,24/05/2024,US,83,6
824,2Rr46ynx6lOJnkbF2s9VXB,i/o ,peter gabriel,24,Male,73,01/12/2023,GB,37,6
832,5y9Fis539BaAsi7MmHKHm2,britpop ,a. g. cook,24,Male,33,10/05/2024,,55,6
834,6DlLdXBGCsSDPOV8R2pCl7,two star & the dream police ,mk.gee,12,Male,,09/02/2024,,66,6
835,34UIFF2mDOl7JN0QdmMjPg,where's my utopia? ,yard act,11,Group,,01/03/2024,,51,6
836,0Jy18n9qpKS4RyDYmaPpdL,fearless movement ,kamasi washington,12,Male,43,03/05/2024,US,48,6
840,7mpTSR6E855VhdCeoPgpCF,three ,four tet,8,Male,,15/03/2024,GB,48,6
841,5fjDXtY8tws1sbPFHw34pL,cold visions ,bladee,30,Male,30,24/04/2024,SE,67,6
846,4LKhRqqNlRlWwt4d9GG3QW,plastic death ,glass beach,13,Group,,19/01/2024,US,45,6
848,4YTPZqnf95naEEmOnGZKyA,laughingfish ,black dresses,22,Group,,18/05/2024,GB,43,6
850,2xxdvegQmg1cOVGPolCUus,artificial bouquet ,frail body,11,Group,,29/03/2024,US,33,6
853,37XRzcFMZ91g9TrYKRUpcg,triple digits [112] ,ritchie,14,Male,82,05/04/2024,US,34,6
855,66VRqzJ2YSL0eqcz385eZq,mika's laundry ,matt champion,13,Male,113,22/03/2024,DE,55,6
858,2xxdvegQmg1cOVGPolCUus,artificial bouquet ,frail body,11,Group,,29/03/2024,US,33,6
863,37XRzcFMZ91g9TrYKRUpcg,triple digits [112] ,ritchie,14,Male,82,05/04/2024,US,34,6
869,2Ev6DBJuStxI4ZKLsMgMQs,bloody angel mi,sematary,16,Male,23,29/03/2024,US,52,6
875,3nRlJXz5W39luXRto5hc4f,all born screaming ,st. vincent,10,Female,41,26/04/2024,US,58,6
878,5CqumIo51QeCiboYgpxpN8,mid spiral ,badbadnotgood,5,Group,,29/05/2024,CA,50,6
879,128kgBRYqmfY4EjTOhiDWq,world wide whack ,tierra whack,15,Female,28,15/03/2024,US,50,6
883,13IanJ8zx7YcCJ5yIvArIq,everybody can't go ,benny the butcher,12,Male,39,26/01/2024,,51,6
0,4otkd9As6YaxxEkIjXPiZ6,music to be murdered by ,eminem,20,Male,47,17/01/2020,US,76,5
22,0ZJt4dCoI19u71k37E1nQu,a written testimony ,jay electronica,10,Male,43,13/03/2020,US,47,5
24,6SfnjkSphtKowg3tt7azDi,inlet ,hum,8,Group,,24/06/2020,US,38,5
25,1Qht64MPvWTWa0aMsqxegB,rough and rowdy ways ,bob dylan,10,Male,79,19/06/2020,US,43,5
31,2L13Kv0sx6GPAHo7QTZLAy,spilligion ,spillage village,12,Group,,25/09/2020,US,49,5
34,1Sf8GsXG32t0jNrX11xqWx,self-titled ,jackboys & travis scott,7,Male,28,27/12/2019,US,72,5
43,0ZJt4dCoI19u71k37E1nQu,a written testimony ,jay electronica,10,Male,43,13/03/2020,US,47,5
51,0BwUN4oXLzs95nE8GO1vrI,the album ,teyana taylor,25,Female,30,19/06/2020,US,56,5
53,2L13Kv0sx6GPAHo7QTZLAy,spilligion ,spillage village,12,Group,,25/09/2020,US,49,5
55,1h6UCHWqhIsaU7tU8X1SAz,u-void synthesizer ,machine girl,11,Group,,27/02/2020,US,41,5
62,18hrkvndprWjt9olhQlRcH,zeros ,declan mckenna,10,Male,21,04/09/2020,GB,40,5
71,3YqqY2DYHcbD9pm6fx2vI7,róisín machine ,róisín murphy,10,Female,47,02/10/2020,IE,41,5
91,5W1XY5ucNATjTULERvXx9j,map of the soul: 7 ,bts,20,Group,,21/02/2020,KR,76,5
102,755yBlrk0Sz8tIgMMTgyr1,we will always love you ,the avalanches,25,Group,,11/12/2020,GB,54,5
103,5bsWvIa3jrWZtWtcn58UBl,omens ,elder,5,Group,,24/04/2020,US,20,5
108,5gac9cPgomxH7Cdy3G5Sur,shadow of life ,umbra vitae,10,Group,,01/05/2020,US,20,5
109,0rDM3D2mqmsilAjpUj1p0W,heavy light ,u.s. girls,13,Female,35,06/03/2020,CA,27,5
111,1uROBP2G4MP0O4w1v5Cpbg,imploding the mirage ,the killers,10,Group,,21/08/2020,GB,57,5
114,0p6P42zHY2W8Zd7BKBcKQg,making a door less open ,car seat headrest,11,Group,,01/05/2020,,48,5
116,4NESArVYihJKvoXk1eYE8A,starz ,yung lean,16,Male,23,15/05/2020,SE,50,5
118,0o5xjCboti8vXhdoUG9LYi,notes on a conditional form ,the 1975,22,Group,,22/05/2020,GB,62,5
121,0fEO7g2c5onkaXsybEtuD2,luv vs. the world 2 ,lil uzi vert,32,Non-binary,24,13/03/2020,US,68,5
137,4HXpQ5KQBVWN25ltjnX7xa,petals for armor ,hayley williams,15,Male,88,08/05/2020,US,53,5
143,6Q2rUMVAKj1DaDh3xB0IEU,modus vivendi ,070 shake,14,Female,22,17/01/2020,US,54,5
145,74vajFwEwXJ61OW1DKSPEa,positions ,ariana grande,19,Female,27,19/02/2021,US,67,5
148,7BYMS9hVqR7UH9b3WeqPsw,moonchild ,niki,10,Female,21,09/09/2020,ID,50,5
158,5BrQerO9LnDbtUmsP9AHeS,there is no year ,algiers,11,Group,,17/01/2020,US,15,5
160,4hl7ryP7L1SvblrcPRAkpQ,spirituality and distortion ,igorrr,14,Male,35,27/03/2020,FR,46,5
162,2NuZ1TloomufyKf57ZLBQn,ctv3: cool tape vol. 3 mi,jaden,17,Male,22,28/08/2020,US,53,5
170,7z4GhRfLqfSkqrj5F3Yt2B,heaven or hell ,don toliver,12,Male,25,13/03/2020,US,76,5
171,1z6IaOUkRc2bcZvpQ9vN31,love + light ,daniel avery,14,Male,33,26/06/2020,,15,5
174,2d9BCZeAAhiZWPpbX9aPCW,el último tour del mundo ,bad bunny,16,Male,26,27/11/2020,PR,81,5
177,2EadUtQ3hpx3Xt0HKAfOF9,toxic boogal,city morgue,10,Group,,31/07/2020,,58,5
191,2crtxJQewJqC3hQTtMJ4II,apple ,a. g. cook,21,Male,30,28/05/2021,,39,5
200,6Lo6ylJg4qbFfxicPEOzMI,su,megan thee stallion,9,Female,25,06/03/2020,US,62,5
201,7Jo4N42wOOKa6FolEXCSI3,exeter mi,bladee,9,Male,26,08/04/2020,SE,44,5
203,5QVudVsMxiNDEIJh8HrbIO,mark kozelek with ben boye and jim white 2 ,mark kozelek with ben boye and jim white,7,Male,53,07/02/2020,US,7,5
204,2qn5Z50z9x2qAIyWV5lt9E,to feel ali,kali uchis,4,Female,25,24/04/2020,US,54,5
215,4MGvFyMua1aBO0hDNafkp5,all over the place ,ksi,16,Male,28,16/07/2021,GB,58,5
217,2QRedhP5RmKJiJ1i8VgDGR,whole lotta red ,playboi carti,24,Male,24,25/12/2020,US,82,5
219,0uUtGVj0y9FjfKful7cABY,voyage ,abba,10,Group,,05/11/2021,SE,56,5
233,4kztTaq5iUKFXuWj06wbRM,exodus ,dmx,13,Male,50,28/05/2021,US,40,5
252,4QIZtPbEAQTu1smtYyDHXz,van weezer ,weezer,10,Group,,07/05/2021,US,40,5
265,7eQGtkzCgrIWDOe76E9F8t,clouds mi,nf,11,Male,30,26/03/2021,US,68,5
270,0QnWm07An8WyO3eupjBDoP,"if this isn’t nice, i don’t know what is ",still woozy,13,Male,29,13/08/2021,US,66,5
271,1FyNZvJ6MHO01kl3ySMPdc,medicine at midnight ,foo fighters,9,Group,,05/02/2021,US,56,5
280,5FLKDb9bvbMu0yTahZtgHO,who am i? ,pale waves,11,Group,,12/02/2021,,44,5
281,2wwCc6fcyhp1tfY3J6Javr,blue banisters ,lana del rey,15,Female,36,22/10/2021,US,72,5
294,2I0LPpmyvAwnXvCuBf3Pcy,butterfly 3000 ,king gizzard & the lizard wizard,10,Group,,11/06/2021,AU,51,5
309,0zNWhYDalgisc4uweLIGZJ,valentine ,snail mail,10,Female,,05/11/2021,US,43,5
311,69jQsPvJzMvcb2fGqI2qaB,i don't live here anymore ,the war on drugs,10,Group,,29/10/2021,US,55,5
313,0EdtTRCl3J22AnWrNpH1w9,isles ,bicep,10,Group,,22/01/2021,,57,5
316,3ihwKkIMJWmmp1huNH0iWC,slime language 2 ,"young stoner life, young thug, gunna",23,Male,75,16/04/2021,CA,65,5
320,3JSvIZCtxK4fUywBK41129,flowers for vases / descansos ,hayley williams,14,Male,89,05/02/2021,US,47,5
322,2i5NyX1puwpGt7tmaP5sEg,the life of pi'erre 5 ,pi'erre bourne,16,Male,27,11/06/2021,US,62,5
327,1V7usKn0ebZ9D4XtHw1JFy,avow ,portal,6,Male,85,28/05/2021,FR,12,5
336,4XLPYMERZZaBzkJg0mkdvO,planet her ,doja cat,19,Female,25,27/06/2021,US,64,5
342,1aOVW07qHIiMe3f3HKXo8r,usee4yourself ,idk,17,Male,29,09/07/2021,US,46,5
356,6TQ8nqw43uUOWu7Yqp58ko,the house is burning ,isaiah rashad,16,Male,30,30/07/2021,US,63,5
365,6SpT5TOPIInmmwLyCcCAXX,trip at knight ,trippie redd,18,Male,22,21/08/2021,US,70,5
379,3KeR5BDM2giFr8zoSXBrgE,ignorance ,the weather station,10,Group,,05/02/2021,CA,32,5
392,151w1FgRZfnKZA9FEcg9Z3,midnights ,taylor swift,13,Female,32,21/10/2022,US,85,5
396,3cN3mENkACWuRCDOuQUtfw,remember that you will die ,polyphia,12,Group,,28/10/2022,US,65,5
417,6XV76W17coHAKFdeyiGT08,hypochondriac ,brakence,13,Male,20,02/12/2022,,59,5
418,3fn4HfVz5dhmE0PG24rh6h,impera ,ghost,12,Group,,11/03/2022,SE,68,5
427,6tE9Dnp2zInFij4jKssysL,i never liked you ,future,16,Male,38,29/04/2022,US,78,5
432,5NchVUjB8yqNhqSeBYaFVy,fossora ,björk,13,Female,56,30/09/2022,IS,33,5
433,5NchVUjB8yqNhqSeBYaFVy,fossora ,björk,13,Female,56,30/09/2022,IS,33,5
436,6GRzmk9UGL7odxprOPop1Q,no fear of time ,black star,13,Group,,29/09/1998,GB,56,5
441,7ug0WdvzC2sLXTrtHUwNsj,cool it down ,yeah yeah yeahs,8,Group,,30/09/2022,US,52,5
457,0PHMNbcgHfzSUALlfk7wGg,wasteland ,brent faiyaz,19,Male,26,08/07/2022,US,78,5
472,3UcqK7oJ4UiScKZD8IQsk0,most normal ,gilla band,12,Group,,07/10/2022,US,30,5
478,1sgYQT8SDu5pjb0MPPqs3t,trouble the water ,show me the body,12,Group,,28/10/2022,,40,5
485,3dAxXNscIj0p53lBMEziYR,mata ,m.i.a.,15,Female,37,01/01/2013,,64,5
490,0JO5WJ19NtFRtVYOnw24xS,hold the girl ,rina sawayama,13,Female,32,16/09/2022,,54,5
537,4GxhBXlAhfNzI7ehTDmFJ5,entering heaven alive ,jack white,11,Male,47,22/07/2022,,39,5
550,1QqipMXWzJhr6yfcNKTp8B,crash ,charli xcx,12,Female,29,18/03/2022,,64,5
562,1kUE4Li5MJQF8VTvNnGKy8,church ,billy woods x messiah musik,18,Male,62,10/04/2012,US,31,5
570,2QRedhP5RmKJiJ1i8VgDGR,whole lotta red ,playboi carti,24,Male,24,25/12/2020,US,82,5
573,7v6htsHRSZ34XJCki1uZxB,stardust mi,yung lean,12,Male,25,07/04/2022,SE,49,5
575,5dpaxVXET01VAgivwwUac6,sznz: spri,weezer,7,Group,,20/03/2022,US,35,5
581,1DvBf2E2OgU8HAjgInLT6H,sznz: summ,weezer,7,Group,,21/06/2022,US,37,5
587,6pDbaWwmHYv6Hr075nfcer,"peace ""fly"" god mi",westside gunn,10,Male,39,08/07/2022,US,43,5
591,35nmDyrcnDY4B1ISYpKEEs,for all the dogs ,drake,23,Male,36,05/10/2023,CA,63,5
593,70uejEPPRPSLBrTRdfghP5,72 seasons ,metallica,12,Group,,14/04/2023,US,57,5
597,00txDYFrU4LjWqwKE8iQJA,one more time... ,blink-182,19,Group,,27/10/2023,US,63,5
606,1RThtoZbeE7OQHMBzaBCJt,sundial ,noname,11,Female,31,11/08/2023,,48,5
614,1hmlhl74JfLyUqmqtCwvFb,bewitched ,laufey,18,Female,25,26/04/2024,IS,73,5
623,1ep4OEfNOhvcY85STfEtKy,jackman ,jack harlow,10,Male,25,28/04/2023,US,62,5
637,2ua5bFkZLZl1lIgKWtYZIz,pink tape ,lil uzi vert,26,Non-binary,27,30/06/2023,US,74,5
645,7mv4FQrLiyJWLDazVNZzTi,stone ,baroness,16,Group,,16/09/2023,US,37,5
670,4Q7cRXio6mF2ImVUCcezPO,for all the dogs scary hours ed,drake,29,Male,37,17/11/2023,CA,71,5
674,6ciIG1XKTlVIn0Yl8rvsce,almost healed ,lil durk,21,Male,30,26/05/2023,US,71,5
678,1rBIdADJWSisiYXHRdw1v2,richest opp ,youngboy never broke again,17,Male,23,12/05/2023,US,62,5
685,32iAEBstCjauDhyKpGjTuq,subtract ,ed sheeran,14,Male,30,25/10/2021,GB,79,5
691,0nnOjd8FpsRjBJZHpZDtuK,fantasy ,m83,22,Group,,31/05/2024,FR,41,5
692,6Id1Bjjjf9rfPHXKHMYtfq,mansion musik ,trippie redd,25,Male,23,20/01/2023,US,59,5
696,7KcBjQ5f47uYAmvWCbB2FX,college park ,logic,17,Male,33,24/02/2023,US,56,5
717,5LXOgcszGvUkYzYL4v6wYg,autumn variations ,ed sheeran,14,Male,32,29/09/2023,GB,60,5
718,3Uq1jNGnD412ZvCb6j2DKV,gloria ,sam smith,13,Non-binary,30,27/01/2023,GB,70,5
719,4Q7cRXio6mF2ImVUCcezPO,for all the dogs scary hours ed,drake,29,Male,37,17/11/2023,CA,71,5
723,3LaJpJFSY3cmLFEHJl2z6E,this stupid world ,yo la tengo,9,Group,,10/02/2023,,35,5
727,45oxyD0tdWU3AGK2w55W2w,girl in the half pearl ,liv.e,17,Female,,10/02/2023,US,35,5
728,7MbhBlacUYoWPZYUhsWLxK,blanket ,kevin abstract,13,Male,26,03/11/2023,US,43,5
730,1plAqF2W8hwAhcpBAfGNsW,kaytraminé ,aminé & kaytranada,11,Male,30,19/05/2023,CA,63,5
732,6Xnrf8JvckhoADFcePUNyq,love sick ,don toliver,16,Male,28,23/02/2023,US,44,5
741,5aGGbXFpuBcMzc8o6TORY9,bless this mess ,u.s. girls,11,Female,38,24/02/2023,CA,28,5
755,5RMkjbbZvLo9TNdpKrmP71,alchemy ,disclosure,11,Group,,14/07/2023,GB,52,5
756,0HRZ0CldV3tp7U2sTomtIf,rocket power ,quavo,18,Male,32,18/08/2023,US,60,5
763,0HRZ0CldV3tp7U2sTomtIf,rocket power ,quavo,18,Male,32,18/08/2023,US,60,5
766,6Xnrf8JvckhoADFcePUNyq,love sick ,don toliver,16,Male,28,23/02/2023,US,44,5
769,3S2JjNVTT7FKujPny0Bwgo,destiny ,dj sabrina the teenage dj,41,Group,,13/08/2023,GB,31,5
775,5aGGbXFpuBcMzc8o6TORY9,bless this mess ,u.s. girls,11,Female,38,24/02/2023,CA,28,5
776,6JlmbLrsozWe61rYTVsG7n,things don't always go the way you plan mi,flume,10,Male,31,08/02/2023,AU,40,5
778,2neNj1lj4R6QgEyqwIrXLc,won't he do it ,conway the machine,14,Group,,05/05/2023,US,38,5
781,1jhGoiKDR41Qa2mzlveJFX,too good to be true ,meek mill & rick ross,17,Male,36,10/11/2023,US,54,5
790,1lKWIQuLHxdlifTuudutTl,new world depression ,$uicideboy$,13,Group,,14/06/2024,US,84,5
802,5zncNknK8hrQyTTVWpUyAf,bad cameo ,lil yachty & james blake,10,Male,26,28/06/2024,US,67,5
805,1Mo92916G2mmG7ajpmSVrc,radical optimism ,dua lipa,11,Female,28,03/05/2024,,85,5
810,4Ioudl1Qx3fTh5AMOYRBvf,11th dimension ,ski mask the slump god,21,Male,28,07/06/2024,US,73,5
815,4NGIX0BP6xxRaGh64hhJhe,all is yellow ,lyrical lemonade,14,,10,26/01/2024,,68,5
854,6aLnXrlksffrrHRb6ktBF9,psykos ,yung lean & bladee,8,Male,27,13/03/2024,SE,53,5
868,6lNh2JqZFhiXL7YNnblt64,harbour century ,eunuchs,9,Group,,05/04/2024,,20,5
870,7hf2cM8SdK5vdb6SeH2qyM,little rope ,sleater-kinney,10,Group,,19/01/2024,US,38,5
871,1lhquBDUbWwGWnd3Wmxvc6,if i could sing ,kirin j callinan,12,Male,38,02/02/2024,AU,25,5
882,6ofMZXVeY7dABB00zHp8WV,insano (nitro mega) ,kid cudi,18,Male,40,23/02/2024,US,54,5
41,0K8VeEO164P3ctndsCzs6U,afterburner ,dance gavin dance,13,Group,,24/04/2020,US,51,4
42,14FGilar8X2PCvelbjX4tZ,no future ,eden,19,Male,24,14/02/2020,IE,48,4
63,2x657XotA7LCsPElXmXX4W,funeral ,lil wayne,24,Male,37,31/01/2020,US,52,4
70,5g2INX6dnMIJG0xKygXwF3,that's what they all say ,jack harlow,15,Male,22,11/12/2020,US,71,4
81,47zMF6LrXQ8odi6Xv1unC0,smile ,katy perry,12,Female,35,28/08/2020,US,66,4
92,5SAhBlk4YQyyEFzoDrvRfP,weight of the world ,mike,16,Male,67,21/06/2020,GB,44,4
97,4cKXqhbBVupoOZ6IdSdOU6,mouth dreams ,neil cicierega,19,Male,68,19/07/2014,CA,31,4
105,3U5rc7jCX5iTq0JBRPz9cW,dissimulation ,ksi,12,Male,26,22/05/2020,GB,50,4
126,6U3XutCfhGxFFCDK1AFCbb,act ii: the patents of nobility (the turn) ,jay electronica,3,Male,33,22/12/2009,US,41,4
149,623PL2MBg50Br5dLXC9E9e,blame it on baby ,dababy,13,Male,28,17/04/2020,US,67,4
164,4V1EQ7wQZUoiPjMY0WtY3M,saint cloud ,waxahatchee,11,Female,31,27/03/2020,,51,4
167,7IyoGB8J31fvQDwGtHAq9m,eternal atake ,lil uzi vert,18,Non-binary,24,06/03/2020,US,70,4
179,2nkHPk6e7TgemWh07yFHxh,3.15.20 ,childish gambino,13,Male,28,15/11/2011,US,78,4
180,5gIa8hTQGPwVeNYjDwrraZ,sixteen oceans ,four tet,16,Male,,13/03/2020,GB,42,4
183,1BubKJqf6Uc4fNae5kLJJ7,what could possibly go wrong ,dominic fike,14,Male,24,31/07/2020,,69,4
184,48xpWR8K6CGpy3ETAym3pt,pluto x baby pluto ,future & lil uzi vert,16,Non-binary,25,13/11/2020,US,64,4
220,1typPCwqyXMfFpvDZAyKew,fighting demons ,juice wrld,23,Male,23,18/03/2022,US,75,4
237,3lK2JRwfIOn2NaYtgEGTmZ,solar power ,lorde,14,Female,25,05/11/2021,NZ,55,4
242,5kE2OAuUYGBqqzscqgBXXf,khaled khaled ,dj khaled,14,Male,61,30/04/2021,DZ,68,4
250,6vC3CeC5FprLHnTZobbdee,colors ii ,between the buried and me,12,Group,,20/08/2021,US,39,4
272,3dgsCZMswt6TWbsKcMgoO2,long term effects of suffering ,$uicideboy$,13,Group,,13/08/2021,US,71,4
278,4ssppGN0Qy4OeJTUDr1Etd,"sincerely, kentrell ",youngboy never broke again,23,Male,21,05/10/2021,US,67,4
291,4YYFSRhVM8YqLppQ92GaU0,neon shark vs. pegasus ,trippie redd,40,Male,21,19/02/2021,US,53,4
302,2DlvDiYx2Nd5VQAmNqUDJu,escapades ,gaspard augé,12,Male,42,25/06/2021,FR,43,4
306,1w857brUeHQfcPpjCd3wHQ,spare ribs ,sleaford mods,13,Group,,15/01/2021,,43,4
319,1VCTWaze9kuY5IDlbtR5p0,blue weekend ,wolf alice,11,Male,83,04/06/2021,DE,46,4
329,3IQRHa9iVLsGlSuVHiHZ3A,little oblivions ,julien baker,12,Male,91,26/02/2021,US,48,4
402,3hWTXO0w02D6YpVRyLRmQz,"the end, so far ",slipknot,12,Group,,30/09/2022,US,62,4
410,2hEnymoejldpuxSdTnkard,smithereens ,joji,9,Male,30,04/11/2022,US,75,4
411,7bNubmdfctkLp7ltJE0pLy,the family and tm ,brockhampton,17,Group,,17/11/2022,US,46,4
419,6NuGZnOc88LcZpEkJIbO50,god did ,dj khaled,18,Male,62,26/08/2022,DZ,62,4
421,2ITVvrNiINKRiW7wA3w6w6,unlimited love ,red hot chili peppers,17,Group,,01/04/2022,US,61,4
429,5pkQpJAHxy9BzwA7E1UWxF,love sux ,avril lavigne,12,Female,37,25/02/2022,CA,59,4
453,2sAePf08xIp4tnDlMUCV8B,we ,arcade fire,10,Group,,06/05/2022,CA,51,4
462,4lh0rl7eI2w9Rik8JECk9l,zeal & ardor ,zeal and ardor,14,Group,,11/02/2022,,51,4
470,2tfg6zi5pwuYeQ0IHYnOBz,chloë and the next 20th century ,father john misty,11,Male,40,08/04/2022,US,45,4
506,0d1BFY8z15vye3KjtLvF3u,2 alivë ,yeat,20,Male,21,18/02/2022,US,70,4
516,0FYvMdfTfYJxnJnKs1wDb0,it's only me ,lil baby,23,Male,27,14/10/2022,US,71,4
532,6Xo2PDEoQKzCndIbks2kvu,lyfë mi,yeat,12,Male,22,09/09/2022,US,75,4
551,5mGJloHxjO2igmx9XJKAeJ,11​•​11​•​11 ,mgmt,11,Group,,11/11/2022,US,34,4
572,6hg6LPeCo8KtSJLxXfSKf4,w ,boris,1,Group,,20/10/2021,JP,53,4
580,2sLOkG1ORhJi00sT5cDavu,digital roses don't die ,big k.r.i.t.,17,Male,35,18/02/2022,US,35,4
584,3mNfeGxCFJ3fRZotZ7UhSO,get used to it mi,kaycyy,9,Male,24,02/06/2022,,35,4
585,1ZuTYUdoALghOAKTISys6n,sznz: autu,weezer,21,Group,,22/09/2022,US,35,4
611,1pb3je8gXTs5dpRRTKhHRC,stick season (we'll all be here forever) ,noah kahan,21,Male,26,09/06/2023,US,78,4
626,2T7LuxZRr6SQMgABLtoYTH,sunburn ,dominic fike,15,Male,27,07/07/2023,,73,4
676,4FftCsAcXXD1nFO9RFUNFO,nadie sabe lo que va a pasar mañana ,bad bunny,22,Male,29,13/10/2023,PR,88,4
683,1InJp7zivXVxzyEPjNIX6C,the above ,code orange,14,Group,,29/09/2023,US,39,4
686,3J353DwtMfUV3V6t9vRPCk,zig ,poppy,11,Female,28,27/10/2023,US,48,4
703,4QHM0MaR2dPDWIaKhTt7hd,átta ,sigur rós,10,Group,,16/06/2023,IS,47,4
714,6kcZ35GY84A3FBIcIKVqTW,higher ,chris stapleton,14,Male,45,10/11/2023,US,74,4
722,3J353DwtMfUV3V6t9vRPCk,zig ,poppy,11,Female,28,27/10/2023,US,48,4
726,3ilzLYEzGlpAXk8fx7z3vu,the worm ,hmltd,9,Group,,07/04/2023,GB,21,4
740,5DvJgsMLbaR1HmAI6VhfcQ,endless summer vacation ,miley cyrus,14,Non-binary,30,18/08/2023,US,83,4
774,5nDqjtvRwDYElIflvoNDdE,a love letter to you 5 mi,trippie redd,21,Male,20,22/11/2019,US,71,4
799,0Kzb3u6kMnOJOZXYFSk33F,hardstone psycho ,don toliver,16,Male,30,14/06/2024,US,86,4
803,44e3xckIbDMtFm8jeZLLZ7,everything i thought it was ,justin timberlake,18,Male,43,14/03/2024,US,60,4
823,1PeC1ckDJSzYHkwo6JHbP2,a la sala ,khruangbin,12,Group,,05/04/2024,,69,4
827,0nZy2z8sZsM5TIHzUpcq5E,self-titled ,bleachers,14,Group,,08/03/2024,US,60,4
839,5SxZmGwc4eJuPp6PcO4JgJ,deeper well ,kacey musgraves,14,Female,35,15/03/2024,US,70,4
872,6ofMZXVeY7dABB00zHp8WV,insano ,kid cudi,18,Male,40,23/02/2024,US,54,4
877,7ArSPwsw4Su6nyeId06SZH,still ,erika de casier,14,Female,24,21/02/2024,DK,45,4
16,3wzeXReoE5Ul6ZMLvkAnHw,new beginnings ,reason,14,Group,,09/10/2020,,48,3
23,4bNPOFOzxGhF5jhfIK6lit,high off life ,future,21,Male,36,15/05/2020,US,70,3
48,4bNPOFOzxGhF5jhfIK6lit,high off life ,future,21,Male,36,15/05/2020,US,70,3
52,6f9LKRKpSTI5m2O0yBlWQS,tattletales ,6ix9ine,15,Male,24,04/09/2020,US,63,3
77,2IzUZlhtBvPQYs74KeG6fb,mordechai ,khruangbin,10,Group,,26/06/2020,,64,3
78,6OQ9gBfg5EXeNAEwGSs6jK,dark lane demo tapes mi,drake,14,Male,33,01/05/2020,CA,77,3
123,6ufaA5YvSGK3E9KnRFYvvo,lil boat 3 ,lil yachty,27,Male,23,27/11/2020,US,68,3
125,389zGArsMlwuPorS4Cw7IX,virgo world ,lil tecca,19,Male,18,18/09/2020,US,71,3
153,1juVCzBeCE5Nzx0iqXZ8kU,aporia ,sufjan stevens & lowell brams,21,Male,44,24/03/2020,US,32,3
208,3SpBlxme9WbeQdI9kx7KAV,certified lover boy ,drake,21,Male,34,03/09/2021,CA,82,3
209,6mzpIm84OXCBxw6Tuhp1OA,justice ,justin bieber,22,Male,27,26/03/2021,CA,58,3
211,3MKvhQoFSrR2PrxXXBHe9B,music to be murdered by – side b ,eminem,36,Male,48,18/12/2020,US,68,3
223,69p42ovQdwmYPLUsAQpeNn,if i could make it go quiet ,girl in red,11,Female,22,30/04/2021,NO,67,3
255,6dfdmMDGw988CzNEFdnIcY,life rolls on ,florida georgia line,16,Group,,12/02/2021,US,57,3
287,7IKkHmEk4It4cRdOYanyvW,punk ,young thug,20,Male,75,15/10/2021,CA,65,3
368,0kCdT4gjYlSxIV7ll3Yd4M,infinite granite ,deafheaven,9,Group,,20/08/2021,US,41,3
377,4F87p1aiFwHeU4uu65MaPV,bobby tarantino iii mi,logic,13,Male,28,09/03/2018,US,62,3
391,2GROf0WKoP5Er2M9RXVNNs,the car ,arctic monkeys,10,Group,,21/10/2022,GB,63,3
405,1ziUtOuRT545OI4cnHEMhC,"the sick, the dying… and the dead! ",megadeth,14,Group,,02/09/2022,US,54,3
420,2eE8BVirX9VF8Di9hD90iw,come home the kids miss you ,jack harlow,15,Male,24,06/05/2022,US,71,3
454,6VDoroCVqD4LSvZda4sSfA,ethereal ,$not,10,Group,,08/07/2024,US,0,3
464,3HHNR44YbP7XogMVwzbodx,twelve carat toothache ,post malone,14,Male,26,03/06/2022,US,75,3
520,1ETtnOFdO0JSOy0SRLAmTC,cowboy tears ,oliver tree,13,Group,,18/02/2022,GB,53,3
577,6pyTFqxVk6Js8A8xfOg8ZO,las ruinas mi,rico nasty,17,Female,25,22/07/2022,US,46,3
582,1eVrpJbHRLBbioB9sb5b94,live life fast ,roddy ricch,18,Male,23,17/12/2021,US,61,3
596,55RhFRyQFihIyGf61MgcfV,atum (a rock opera in 3 acts) ,the smashing pumpkins,92,Group,,1995,US,75,3
598,2bYCNZfxZrTUv1CHXkz2d2,pink friday 2 ,nicki minaj,22,Female,41,08/12/2023,US,76,3
615,6r1lh7fHMB499vGKtIyJLy,austin ,post malone,17,Male,28,28/07/2023,US,74,3
667,58iEeJbYd6OBGRM0TiwltL,a great chaos ,ken carson,25,Male,75,05/07/2024,GB,70,3
681,5rHd8n9uWIpq9w0PP5ZcI3,so much (for) stardust ,fall out boy,14,Group,,24/03/2023,US,64,3
705,4xZP0Vuf4DNK7wsp3ZKbQ0,weedkiller ,ashnikko,13,Non-binary,27,25/08/2023,US,61,3
743,2Ao4brMpPgMyyuh9dPK4oK,five easy hot dogs ,mac demarco,14,Male,32,20/01/2023,CA,48,3
764,2Ao4brMpPgMyyuh9dPK4oK,five easy hot dogs ,mac demarco,14,Male,32,20/01/2023,CA,48,3
789,4AIeqAMDyIT884A9uA2A0i,saviors ,green day,15,Group,,19/01/2024,US,67,3
794,1k7OXnGQPV4zF3seDwRroD,post human: nex gen ,bring me the horizon,16,Group,,24/05/2024,GB,82,3
800,56bdWeO40o3WfAD2Lja4dl,the secret of us ,gracie abrams,13,Female,24,21/06/2024,US,87,3
874,3bSNhnaQQXpC639OQ4pMyP,we still don't trust you ,future & metro boomin,25,Male,30,12/04/2024,US,81,3
212,06mXfvDsRZNfnsGZvX2zpb,music of the spheres ,coldplay,12,Group,,15/10/2021,GB,73,2
213,6FIMt58naoGYrOe4Wn2P3n,= ,ed sheeran,1,Male,31,04/03/2022,GB,64,2
221,5RongMpRt5jcdZ7gpAKtWn,dog boy ,zillakami,15,Male,22,17/09/2021,US,66,2
222,0Q5XBpCYFgUWiG9DUWyAmJ,scaled and icy ,twenty one pilots,11,Group,,21/05/2021,US,69,2
241,7kjLKy9JLbwM9F7eDQEnd2,the battle at garden's gate ,greta van fleet,12,Group,,16/04/2021,US,65,2
249,3uyOwJu4r3yroAkFywNFM3,culture iii ,migos,19,Group,,11/06/2021,US,68,2
258,0hnwu9WUcXrL23w5WPrbOX,the golden casket ,modest mouse,12,Group,,25/06/2021,,41,2
312,6y9LbrjY2TpaLvtbE7FTkc,star-crossed ,kacey musgraves,15,Female,33,10/09/2021,US,56,2
592,2KUaR4K36tSliwAoUA1gcs,rush! ,måneskin,17,Group,,20/01/2023,IT,77,2
594,1gjugH97doz3HktiEjx2vY,take me back to eden ,sleep token,12,Group,,19/05/2023,GB,78,2
607,6K5RX7xasf8WdeQjapsThS,ben ,macklemore,15,Male,39,03/03/2023,US,61,2
671,6vKVBLTsQW5wXOzmOIkPVZ,s*x m*ney dr*gs ,lucki,15,Male,27,07/07/2023,US,67,2
698,4tFqnaGkCBUjraLUw07Q67,sremm 4 life ,rae sremmurd,14,Group,,07/04/2023,US,58,2
731,5Mc6uebYtKnRc5I7bjlNB6,first two pages of frankenstein ,the national,11,Group,,28/04/2023,GB,61,2
779,5Mc6uebYtKnRc5I7bjlNB6,first two pages of frankenstein ,the national,11,Group,,28/04/2023,GB,61,2
809,30zwjSQEodaUXCn11nmiVF,vultures 2 ,kanye west,16,Group,,09/02/2024,GB,84,2
887,3hFTgPUFrpYwfEsMJIXiid,one of wun ,gunna,20,Male,30,09/05/2024,US,58,2
29,0so2JtZLW2acBWStzut0W5,pegasus ,trippie redd,26,Male,21,30/10/2020,US,64,1
30,1xRcR4iSouBrfVhuqFkPAJ,southside ,sam hunt,12,Male,89,03/04/2020,US,67,1
45,1xRcR4iSouBrfVhuqFkPAJ,southside ,sam hunt,12,Male,89,03/04/2020,US,67,1
46,0so2JtZLW2acBWStzut0W5,pegasus ,trippie redd,26,Male,21,30/10/2020,US,64,1
399,3sKZHtQoq3tPtkXbT8PJAc,mainstream sellout ,machine gun kelly,16,Group,,25/03/2022,,70,1
431,5zWZi7tO66MoobIAl9OxWS,flawless like me ,lucki,24,Male,26,23/09/2022,US,66,1
440,0G4XTKDAeBmdfV8pZFaYu2,no stylist ,destroy lonely,19,Male,21,12/08/2022,US,66,1
620,5qmZefgh78fN3jsyPPlvuw,a gift & a curse ,gunna,15,Male,30,16/06/2023,US,80,1
635,2Sl8X3Uu2N4B2pVa9y5U29,if looks could kill ,destroy lonely,26,Male,21,05/05/2023,US,68,1
724,2GVNzK3tGoQzkhRHNka781,resistance & the blessing ,world's end girlfriend,35,Male,47,09/09/2023,JP,24,1
4,7ij8wQxCAexZiXZbMOHcxE,father of all... ,green day,10,Group,,07/02/2020,US,49,0
205,1AZjTOqvw2ZogWZxnDlhEN,welcome to the madhouse ,tones and i,20,Female,23,16/07/2021,AU,68,0
426,4Vd0qWsKeNJzsouF5Dg1yS,x ,ken carson,11,Male,72,23/07/2021,GB,65,0
833,1WkykSHhndyQJcYNwL7zxY,genre : sadb,mgk & trippie redd,10,Male,24,29/03/2024,US,65,0
